index,title,account,published_ts,published_at,summary,sogou_link,wechat_url,canonical_url,markdown_file,raw_html_file,status,text_chars
1,GLM-5.2为什么不用GRPO了?,丁师兄大模型,1782219841,2026-06-23 21:04:01,"我是丁师兄,专注于智能驾驶大模型,持续分享LLM面试干货.大模型1v1辅导,已帮助多名同学成功上岸offer捷报双大厂ssp+双独角...",https://weixin.sogou.com/link?url=dn9a_-gY295K0Rci_xozVXfdMkSQTLW6cwJThYulHEtVjXrGTiVgS0gM5-1pgwW_Rpbrce8NUOwOV2uQKty7kVqXa8Fplpd9eaYifW52eQky_JPxO-aESdzXdCNNEyrsBQd_IK9BfxHb22AOe5tf7fE6DAEeLfpkoRpXQMnfPQ9_vVn7b-3sbrZ0aordL49wl0rLEUsZ2VU93QH_kfjZlSPNcFb9hiY19nSHvtZflUHaRlDMqkKS0VhTI7mk72qPVmqIAmwvjOzwdVqCwyPdzA..&type=2&query=%E4%B8%81%E5%B8%88%E5%85%84%E5%A4%A7%E6%A8%A1%E5%9E%8B&token=C3F589E94E50CDB80E085AE29FFD033E0F8F11346A3AA8B9,https://mp.weixin.qq.com/s?src=11&timestamp=1782229574&ver=6800&signature=EnFkJ7DHiU4i7Y5C6GqqZg4gdJ84YcRmCwIlFj1Vd-UXA5JPDrZ6L4pabPkwEAxr28ucltKJtTuaab8IYrJYMfnt0U664rzJqNRfsXNoBJys2i4hGSTcCGoHxXy22vAd&new=1,https://mp.weixin.qq.com/s?src=11&timestamp=1782229574&ver=6800&signature=EnFkJ7DHiU4i7Y5C6GqqZg4gdJ84YcRmCwIlFj1Vd-UXA5JPDrZ6L4pabPkwEAxr28ucltKJtTuaab8IYrJYMfnt0U664rzJqNRfsXNoBJys2i4hGSTcCGoHxXy22vAd&new=1,markdown/022_GLM-5.2为什么不用GRPO了.md,raw_html/022_GLM-5.2为什么不用GRPO了.html,ok,2960
2,面试官突然问我:OPSD和RL有什么不同?,丁师兄大模型,1782133789,2026-06-22 21:09:49,"我是丁师兄,专注于智能驾驶大模型,持续分享LLM面试干货.大模型1v1辅导,已帮助多名同学成功上岸offer捷报双大厂ssp+双独角...",https://weixin.sogou.com/link?url=dn9a_-gY295K0Rci_xozVXfdMkSQTLW6cwJThYulHEtVjXrGTiVgS0gM5-1pgwW_Rpbrce8NUOwOV2uQKty7kVqXa8Fplpd9eaYifW52eQky_JPxO-aESdzXdCNNEyrsBQd_IK9BfxHb22AOe5tf7T8RjiZf0_p82IlmQ1ds-zirxkBLBus2krsO8MHvAinXHZ77XJHJCxWzZeNGo2Fts212HDyGUUnhLQ4wIOYgONJxpsH1O-5Ja5CZGU1sUwsY9bHmbmfQf-Fj32-j2KiwUw..&type=2&query=%E4%B8%81%E5%B8%88%E5%85%84%E5%A4%A7%E6%A8%A1%E5%9E%8B&token=C3F589E94E50CDB80E085AE29FFD033E0F8F11346A3AA8B9,https://mp.weixin.qq.com/s?src=11&timestamp=1782229613&ver=6800&signature=EnFkJ7DHiU4i7Y5C6GqqZg4gdJ84YcRmCwIlFj1Vd-XPfQOsdPRCnHEcaK*J0mpJC2KAsQo2mOpfBNgy2DmmmT0scQc85*lKpxZndoWfok4tw8tMV-xOWUyiuhk5eHb1&new=1,https://mp.weixin.qq.com/s?src=11&timestamp=1782229613&ver=6800&signature=EnFkJ7DHiU4i7Y5C6GqqZg4gdJ84YcRmCwIlFj1Vd-XPfQOsdPRCnHEcaK*J0mpJC2KAsQo2mOpfBNgy2DmmmT0scQc85*lKpxZndoWfok4tw8tMV-xOWUyiuhk5eHb1&new=1,markdown/023_面试官突然问我OPSD和RL有什么不同.md,raw_html/023_面试官突然问我OPSD和RL有什么不同.html,ok,5395
3,美团二面:Agent长期/短期记忆怎么设计?,丁师兄大模型,1782036247,2026-06-21 18:04:07,"我是丁师兄,专注于智能驾驶大模型,持续分享LLM面试干货.大模型1v1辅导,已帮助多名同学成功上岸offer捷报双大厂ssp+双独角...",https://weixin.sogou.com/link?url=dn9a_-gY295K0Rci_xozVXfdMkSQTLW6cwJThYulHEtVjXrGTiVgS0gM5-1pgwW_G38_FwtvOKEOV2uQKty7kVqXa8Fplpd9eaYifW52eQky_JPxO-aESdzXdCNNEyrsBQd_IK9BfxHb22AOe5tf7WUHpLbdhxzit5g-KEd1M5GVZ3_1kbGDSquDBk7xFt3NbKAl8qr-vCC-awWVPkWtI08iVMpSwkkz3lGYFgI-tzQBVHJQ3DSkz6v4BSKDO_wfrJZOGR-4BGSAFV_3u-a3OQ..&type=2&query=%E4%B8%81%E5%B8%88%E5%85%84%E5%A4%A7%E6%A8%A1%E5%9E%8B&token=C3F5872D4E50CDB80E085AE29FFD033E0F8F11346A3AA8B8,https://mp.weixin.qq.com/s?src=11&timestamp=1782229529&ver=6800&signature=EnFkJ7DHiU4i7Y5C6GqqZg4gdJ84YcRmCwIlFj1Vd-Uqx6uP8*ZSnDEuyafVJAKDMmH5Bqw1Lykm-VL3LUxQkuykgEwsFSMGpxox3urVi8HthGCdrgZbTVCetPM1yM-d&new=1,https://mp.weixin.qq.com/s?src=11&timestamp=1782229529&ver=6800&signature=EnFkJ7DHiU4i7Y5C6GqqZg4gdJ84YcRmCwIlFj1Vd-Uqx6uP8*ZSnDEuyafVJAKDMmH5Bqw1Lykm-VL3LUxQkuykgEwsFSMGpxox3urVi8HthGCdrgZbTVCetPM1yM-d&new=1,markdown/019_美团二面Agent长期短期记忆怎么设计.md,raw_html/019_美团二面Agent长期短期记忆怎么设计.html,ok,1832
4,"SFT学完就忘,真的麻了~",丁师兄大模型,1781960613,2026-06-20 21:03:33,"我是丁师兄,专注于智能驾驶大模型,持续分享LLM面试干货.大模型1v1辅导,已帮助多名同学成功上岸offer捷报双大厂ssp+双独角...",https://weixin.sogou.com/link?url=dn9a_-gY295K0Rci_xozVXfdMkSQTLW6cwJThYulHEtVjXrGTiVgS0gM5-1pgwW_xlHASsegprQOV2uQKty7kVqXa8Fplpd9eaYifW52eQky_JPxO-aESdzXdCNNEyrsBQd_IK9BfxHb22AOe5tf7ZFFL_ZIEyYTuCjS2ZZeOXHo8es6g4U_7OUw2NjX6aBNQOrpSTpvt3teasCa80nYWj_Z9ZDphI8MqulfsR3eKyK0aCDxHS6srBS15Rtl8fLd3-QatEof7M0YJSSFPgfogQ..&type=2&query=%E4%B8%81%E5%B8%88%E5%85%84 %E5%A4%A7%E6%A8%A1%E5%9E%8B %E9%9D%A2%E8%AF%95&token=C3F5A8CDB8A6344FF7FEAC1566AA4218F815D7E16A3AA8C1,https://mp.weixin.qq.com/s?src=11&timestamp=1782229906&ver=6800&signature=EnFkJ7DHiU4i7Y5C6GqqZg4gdJ84YcRmCwIlFj1Vd-WwMeEimc0Y26MmmkeikRtEtXmv0lPx5hIIpaAq9f3gxpJ1eKEdNbD-UTVG5KJtGoEFMPas7j5pt6YICxthZAb4&new=1,https://mp.weixin.qq.com/s?src=11&timestamp=1782229906&ver=6800&signature=EnFkJ7DHiU4i7Y5C6GqqZg4gdJ84YcRmCwIlFj1Vd-WwMeEimc0Y26MmmkeikRtEtXmv0lPx5hIIpaAq9f3gxpJ1eKEdNbD-UTVG5KJtGoEFMPas7j5pt6YICxthZAb4&new=1,"markdown/044_SFT学完就忘,真的麻了~.md","raw_html/044_SFT学完就忘,真的麻了~.html",ok,3891
5,Agentic RL到底和传统RLVR有什么区别?,丁师兄大模型,1781874200,2026-06-19 21:03:20,"我是丁师兄,专注于智能驾驶大模型,持续分享LLM面试干货.大模型1v1辅导,已帮助多名同学成功上岸offer捷报双大厂ssp+双独角...",https://weixin.sogou.com/link?url=dn9a_-gY295K0Rci_xozVXfdMkSQTLW6cwJThYulHEtVjXrGTiVgS0gM5-1pgwW_Rpbrce8NUOwOV2uQKty7kVqXa8Fplpd9eaYifW52eQky_JPxO-aESdzXdCNNEyrsBQd_IK9BfxHb22AOe5tf7aPbhI1wXDCWoJ3Wrm7KPNqhfopiFoefvMIMoQ9aF0e6AsgFD-8GIHQfEiIUL9IkKDBMORoVL5xG1J3sLRSIZZAIglrc_ipr-vS2pGD2EDlt-C7XNnnUlv4HpHkoPMgL3A..&type=2&query=%E4%B8%81%E5%B8%88%E5%85%84%E5%A4%A7%E6%A8%A1%E5%9E%8B&token=C3F589E94E50CDB80E085AE29FFD033E0F8F11346A3AA8B9,https://mp.weixin.qq.com/s?src=11&timestamp=1782229628&ver=6800&signature=EnFkJ7DHiU4i7Y5C6GqqZg4gdJ84YcRmCwIlFj1Vd-U*r5FHx-A6*4E0ijLeNO6yAsMvpSsLPgJah4zks0N5lsW8thIxnmicvHCMZShNEAAR0JTnOrFFdxPbYl*Nj*4l&new=1,https://mp.weixin.qq.com/s?src=11&timestamp=1782229628&ver=6800&signature=EnFkJ7DHiU4i7Y5C6GqqZg4gdJ84YcRmCwIlFj1Vd-U*r5FHx-A6*4E0ijLeNO6yAsMvpSsLPgJah4zks0N5lsW8thIxnmicvHCMZShNEAAR0JTnOrFFdxPbYl*Nj*4l&new=1,markdown/024_Agentic_RL到底和传统RLVR有什么区别.md,raw_html/024_Agentic_RL到底和传统RLVR有什么区别.html,ok,8543
6,面了个算法大佬:GRPO和DAPO差在哪?,丁师兄大模型,1781788497,2026-06-18 21:14:57,"我是丁师兄,专注于智能驾驶大模型,持续分享LLM面试干货.大模型1v1辅导,已帮助多名同学成功上岸offer捷报双大厂ssp+双独角...",https://weixin.sogou.com/link?url=dn9a_-gY295K0Rci_xozVXfdMkSQTLW6cwJThYulHEtVjXrGTiVgS0gM5-1pgwW_G38_FwtvOKEOV2uQKty7kVqXa8Fplpd9eaYifW52eQky_JPxO-aESdzXdCNNEyrsBQd_IK9BfxHb22AOe5tf7cK9Tig1jj5yeQ0j477ojzWGJlhekC60hUfD_DNU893rEdnpQMrSyYWes5rr1q8rq48_lHEhjVZMmgfirsCRyD1yDCkCnNEagUZ2uuWOUosEmURC06F872jy08OLTBhW0A..&type=2&query=%E4%B8%81%E5%B8%88%E5%85%84%E5%A4%A7%E6%A8%A1%E5%9E%8B&token=C3F584364E50CDB80E085AE29FFD033E0F8F11346A3AA8B8,https://mp.weixin.qq.com/s?src=11&timestamp=1782229288&ver=6800&signature=EnFkJ7DHiU4i7Y5C6GqqZg4gdJ84YcRmCwIlFj1Vd-VjAG2BPDTAnUWKVFa8REUZQV*j3fkuV0Nu*lC9qME-A6M6jsJw9ctz8dCyGZt6EsXYA*B4otvlhRjG*ZA8syjW&new=1,https://mp.weixin.qq.com/s?src=11&timestamp=1782229288&ver=6800&signature=EnFkJ7DHiU4i7Y5C6GqqZg4gdJ84YcRmCwIlFj1Vd-VjAG2BPDTAnUWKVFa8REUZQV*j3fkuV0Nu*lC9qME-A6M6jsJw9ctz8dCyGZt6EsXYA*B4otvlhRjG*ZA8syjW&new=1,markdown/003_面了个算法大佬GRPO和DAPO差在哪.md,raw_html/003_面了个算法大佬GRPO和DAPO差在哪.html,ok,5312
7,"LLM无限上下文了,RAG还有意义吗?",丁师兄大模型,1781701412,2026-06-17 21:03:32,"我是丁师兄,专注于智能驾驶大模型,持续分享LLM面试干货.大模型1v1辅导,已帮助多名同学成功上岸offer捷报双大厂ssp+双独角...",https://weixin.sogou.com/link?url=dn9a_-gY295K0Rci_xozVXfdMkSQTLW6cwJThYulHEtVjXrGTiVgS0gM5-1pgwW_G38_FwtvOKEOV2uQKty7kVqXa8Fplpd9eaYifW52eQky_JPxO-aESdzXdCNNEyrsBQd_IK9BfxHb22AOe5tf7RrVFnLBsRAktVZ9iFpFWiMI2dRu4SHir2khaceBj36cLX4rseYJZ2xxWLHEXKAPsF6PAP2x4GS4L8zEVIQiGAePASJUzVx3s1TRrjn8Fo0OyaI1HFyaSsI5eBgmN3LoYQ..&type=2&query=%E4%B8%81%E5%B8%88%E5%85%84%E5%A4%A7%E6%A8%A1%E5%9E%8B&token=C3F5872D4E50CDB80E085AE29FFD033E0F8F11346A3AA8B8,https://mp.weixin.qq.com/s?src=11&timestamp=1782229514&ver=6800&signature=EnFkJ7DHiU4i7Y5C6GqqZg4gdJ84YcRmCwIlFj1Vd-VPpzjtkgJ7SBdN0mm79MZALbEKQ834A8htyzv5phV-m4yhOwiDVY*-jv-cl8u2ZKUpLsmL1yNkGDKT7dF8rWwm&new=1,https://mp.weixin.qq.com/s?src=11&timestamp=1782229514&ver=6800&signature=EnFkJ7DHiU4i7Y5C6GqqZg4gdJ84YcRmCwIlFj1Vd-VPpzjtkgJ7SBdN0mm79MZALbEKQ834A8htyzv5phV-m4yhOwiDVY*-jv-cl8u2ZKUpLsmL1yNkGDKT7dF8rWwm&new=1,"markdown/018_LLM无限上下文了,RAG还有意义吗.md","raw_html/018_LLM无限上下文了,RAG还有意义吗.html",ok,1609
8,Verl训练实战:流程+配置详解~,丁师兄大模型,1781615006,2026-06-16 21:03:26,"我是丁师兄,专注于智能驾驶大模型,持续分享LLM面试干货.大模型1v1辅导,已帮助多名同学成功上岸offer捷报双大厂ssp+双独角...",https://weixin.sogou.com/link?url=dn9a_-gY295K0Rci_xozVXfdMkSQTLW6cwJThYulHEtVjXrGTiVgS0gM5-1pgwW_xlHASsegprQOV2uQKty7kVqXa8Fplpd9eaYifW52eQky_JPxO-aESdzXdCNNEyrsBQd_IK9BfxHb22AOe5tf7Qm8XrW7UGyj5UveC55mzG36RMBzHIv2hBpG3RXb5jS91TbaMlggw9Kw7fRTHGBAM-uw5E4O2meskmGJB3Yms9YZ_OxC04hCV5mKZxVQOwh80zXwxP4ml4zFcvUoAZZH7Q..&type=2&query=%E4%B8%81%E5%B8%88%E5%85%84 %E5%A4%A7%E6%A8%A1%E5%9E%8B %E9%9D%A2%E8%AF%95&token=C3F5ABB2B8A6344FF7FEAC1566AA4218F815D7E16A3AA8C1,https://mp.weixin.qq.com/s?src=11&timestamp=1782229913&ver=6800&signature=EnFkJ7DHiU4i7Y5C6GqqZg4gdJ84YcRmCwIlFj1Vd-WCAA3QzFiVO3Qwpm9RXt21HQpHcBYimdnMRhwrvek8oR-qXu0m7Zd2lyfba8XLqaTJd-NYxinECKAv0nBd*udo&new=1,https://mp.weixin.qq.com/s?src=11&timestamp=1782229913&ver=6800&signature=EnFkJ7DHiU4i7Y5C6GqqZg4gdJ84YcRmCwIlFj1Vd-WCAA3QzFiVO3Qwpm9RXt21HQpHcBYimdnMRhwrvek8oR-qXu0m7Zd2lyfba8XLqaTJd-NYxinECKAv0nBd*udo&new=1,markdown/045_Verl训练实战流程配置详解~.md,raw_html/045_Verl训练实战流程配置详解~.html,ok,6464
9,面试官突然问:GRPO为啥让模型推理变长?,丁师兄大模型,1781528634,2026-06-15 21:03:54,"我是丁师兄,专注于智能驾驶大模型,持续分享LLM面试干货.大模型1v1辅导,已帮助多名同学成功上岸offer捷报双大厂ssp+双独角...",https://weixin.sogou.com/link?url=dn9a_-gY295K0Rci_xozVXfdMkSQTLW6cwJThYulHEtVjXrGTiVgS0gM5-1pgwW_G38_FwtvOKEOV2uQKty7kVqXa8Fplpd9eaYifW52eQky_JPxO-aESdzXdCNNEyrsBQd_IK9BfxHb22AOe5tf7YEPLQFPwyH5Ga98YX-y2rtFp77zpXnJJ8ak-KNe2xlBJIdTOo0Tawg-7jC34uEQSMwVHAtfEtu4brqB0T4zQenx52wAHUcvSI2dn-hMfyDvyX8FeTt-xtvFcvUoAZZH7Q..&type=2&query=%E4%B8%81%E5%B8%88%E5%85%84%E5%A4%A7%E6%A8%A1%E5%9E%8B&token=C3F584364E50CDB80E085AE29FFD033E0F8F11346A3AA8B8,https://mp.weixin.qq.com/s?src=11&timestamp=1782229362&ver=6800&signature=EnFkJ7DHiU4i7Y5C6GqqZg4gdJ84YcRmCwIlFj1Vd-W8*wRwdtHMAY3QUGYXpTEN-OSkEoNZ57B1Hl94N6prxbAFSxazUJIn0QYPM5wkY-haL7C-tsw6QuQGGMJem4b3&new=1,https://mp.weixin.qq.com/s?src=11&timestamp=1782229362&ver=6800&signature=EnFkJ7DHiU4i7Y5C6GqqZg4gdJ84YcRmCwIlFj1Vd-W8*wRwdtHMAY3QUGYXpTEN-OSkEoNZ57B1Hl94N6prxbAFSxazUJIn0QYPM5wkY-haL7C-tsw6QuQGGMJem4b3&new=1,markdown/008_面试官突然问GRPO为啥让模型推理变长.md,raw_html/008_面试官突然问GRPO为啥让模型推理变长.html,ok,1636
10,Transformer里的FFN全换成Self-Attention会怎么样?,丁师兄大模型,1781442239,2026-06-14 21:03:59,"我是丁师兄,专注于智能驾驶大模型,持续分享LLM面试干货.大模型1v1辅导,已帮助多名同学成功上岸offer捷报双大厂ssp+双独角...",https://weixin.sogou.com/link?url=dn9a_-gY295K0Rci_xozVXfdMkSQTLW6cwJThYulHEtVjXrGTiVgS0gM5-1pgwW_fK9V3YoTtokOV2uQKty7kVqXa8Fplpd9eaYifW52eQky_JPxO-aESdzXdCNNEyrsBQd_IK9BfxHb22AOe5tf7ReXLsNhpnUTqJPcVybyV94aJyhvP83X00dlXsEqLBWsBNqsDZNYLwBzeJ5_PoTVwYtbe7nDM9WVqt4gxbIDRKKpg9HQbvPopgZfvFJgwL9YYhRbCvQjSvDf3q8uRDTfkw..&type=2&query=%E4%B8%81%E5%B8%88%E5%85%84%E5%A4%A7%E6%A8%A1%E5%9E%8B&token=C3F595B24E50CDB80E085AE29FFD033E0F8F11346A3AA8BC,https://mp.weixin.qq.com/s?src=11&timestamp=1782229647&ver=6800&signature=EnFkJ7DHiU4i7Y5C6GqqZg4gdJ84YcRmCwIlFj1Vd-UcDDwilwxwF9vatDH4UUvG7eTDfkBjWLZLx3*0xAR-77T8RFNQUhP1TKDJOwuo6byr-gQy244ZXJqDayNqHqUh&new=1,https://mp.weixin.qq.com/s?src=11&timestamp=1782229647&ver=6800&signature=EnFkJ7DHiU4i7Y5C6GqqZg4gdJ84YcRmCwIlFj1Vd-UcDDwilwxwF9vatDH4UUvG7eTDfkBjWLZLx3*0xAR-77T8RFNQUhP1TKDJOwuo6byr-gQy244ZXJqDayNqHqUh&new=1,markdown/032_Transformer里的FFN全换成Self-Attention会怎么样.md,raw_html/032_Transformer里的FFN全换成Self-Attention会怎么样.html,ok,1468
11,DeepSeek-V4、Qwen3为什么选择了MTP?,丁师兄大模型,1781355838,2026-06-13 21:03:58,"我是丁师兄,专注于智能驾驶大模型,持续分享LLM面试干货.大模型1v1辅导,已帮助多名同学成功上岸offer捷报双大厂ssp+双独角...",https://weixin.sogou.com/link?url=dn9a_-gY295K0Rci_xozVXfdMkSQTLW6cwJThYulHEtVjXrGTiVgS0gM5-1pgwW_Rpbrce8NUOwOV2uQKty7kVqXa8Fplpd9eaYifW52eQky_JPxO-aESdzXdCNNEyrsBQd_IK9BfxHb22AOe5tf7bR3LalS2gQ0zJy7OCmBgYjgjdM1HFP0nCwXxdfRIWVFCjcO2kuGOaE9l7P3OuGlubGWXEIDxWdy3lNzeH5MQkG5U2SrZSxAK0vcaqWzcunhe_UfbvdKD3Zj3x9Nw6p-Fg..&type=2&query=%E4%B8%81%E5%B8%88%E5%85%84%E5%A4%A7%E6%A8%A1%E5%9E%8B&token=C3F589E94E50CDB80E085AE29FFD033E0F8F11346A3AA8B9,https://mp.weixin.qq.com/s?src=11&timestamp=1782229559&ver=6800&signature=EnFkJ7DHiU4i7Y5C6GqqZg4gdJ84YcRmCwIlFj1Vd-WbOycWjg6yxjy4dpgVJ7e*V4XnzAsGz6yI-CIWjISweY9*tXYhY2dut*zgeBRnJEhjndUFQBJ5JxMCb43GtUtZ&new=1,https://mp.weixin.qq.com/s?src=11&timestamp=1782229559&ver=6800&signature=EnFkJ7DHiU4i7Y5C6GqqZg4gdJ84YcRmCwIlFj1Vd-WbOycWjg6yxjy4dpgVJ7e*V4XnzAsGz6yI-CIWjISweY9*tXYhY2dut*zgeBRnJEhjndUFQBJ5JxMCb43GtUtZ&new=1,markdown/021_DeepSeek-V4、Qwen3为什么选择了MTP.md,raw_html/021_DeepSeek-V4、Qwen3为什么选择了MTP.html,ok,3716
12,Agent训练完结篇:让模型敢说＂我不知道＂,丁师兄大模型,1781269441,2026-06-12 21:04:01,"我是丁师兄,专注于智能驾驶大模型,持续分享LLM面试干货.大模型1v1辅导,已帮助多名同学成功上岸offer捷报双大厂ssp+双独角...",https://weixin.sogou.com/link?url=dn9a_-gY295K0Rci_xozVXfdMkSQTLW6cwJThYulHEtVjXrGTiVgS0gM5-1pgwW_G38_FwtvOKEOV2uQKty7kVqXa8Fplpd9eaYifW52eQky_JPxO-aESdzXdCNNEyrsBQd_IK9BfxHb22AOe5tf7XkX5n8p3qNCP72bJj6UVTvapEhS7yePwevQtwJJjgD2_WmBME7zJSW4oLkI-6pV1x_10pG1dYtD9mVSTatgmb3ls6x0Qz08ChN1F9vafFJ-nW8BL-sOf6HwdVqCwyPdzA..&type=2&query=%E4%B8%81%E5%B8%88%E5%85%84%E5%A4%A7%E6%A8%A1%E5%9E%8B&token=C3F584364E50CDB80E085AE29FFD033E0F8F11346A3AA8B8,https://mp.weixin.qq.com/s?src=11&timestamp=1782229258&ver=6800&signature=EnFkJ7DHiU4i7Y5C6GqqZg4gdJ84YcRmCwIlFj1Vd-WPSWqPJWq6lXtfVGZPp9VT44Q9raip6wadvtVyGFmTd7Pqm73PzzW5bFD2h6zduzEdTAML8NCgoal4dESieAB1&new=1,https://mp.weixin.qq.com/s?src=11&timestamp=1782229258&ver=6800&signature=EnFkJ7DHiU4i7Y5C6GqqZg4gdJ84YcRmCwIlFj1Vd-WPSWqPJWq6lXtfVGZPp9VT44Q9raip6wadvtVyGFmTd7Pqm73PzzW5bFD2h6zduzEdTAML8NCgoal4dESieAB1&new=1,markdown/001_Agent训练完结篇让模型敢说＂我不知道＂.md,raw_html/001_Agent训练完结篇让模型敢说＂我不知道＂.html,ok,8015
13,一文讲透:长程Agentic RL中的奖励方法,丁师兄大模型,1781182999,2026-06-11 21:03:19,"我是丁师兄,专注于智能驾驶大模型,持续分享LLM面试干货.大模型1v1辅导,已帮助多名同学成功上岸offer捷报双大厂ssp+双独角...",https://weixin.sogou.com/link?url=dn9a_-gY295K0Rci_xozVXfdMkSQTLW6cwJThYulHEtVjXrGTiVgS0gM5-1pgwW_fK9V3YoTtokOV2uQKty7kVqXa8Fplpd9eaYifW52eQky_JPxO-aESdzXdCNNEyrsBQd_IK9BfxHb22AOe5tf7b66R-eAd-Q6J3H5YiIPVQqcDSQQnluwRcOUGQ9ZtdHywV0wctR8-lp8FPJ-FwoGnKbEpptnrJo9OJsMi_HSrLY0Znm919BKeTmGvEnloTQLty3xDDOtvokO8fIRwtipOg..&type=2&query=%E4%B8%81%E5%B8%88%E5%85%84%E5%A4%A7%E6%A8%A1%E5%9E%8B&token=C3F595B24E50CDB80E085AE29FFD033E0F8F11346A3AA8BC,https://mp.weixin.qq.com/s?src=11&timestamp=1782229645&ver=6800&signature=EnFkJ7DHiU4i7Y5C6GqqZg4gdJ84YcRmCwIlFj1Vd-UYWsbY1zXwgcUui3RKNIAQ8b4DA5uMxdPekbMq6PAkYCaPiM-vJO60dENjTvNnFxg8emuxd*mQCPoga0V5GJ8n&new=1,https://mp.weixin.qq.com/s?src=11&timestamp=1782229645&ver=6800&signature=EnFkJ7DHiU4i7Y5C6GqqZg4gdJ84YcRmCwIlFj1Vd-UYWsbY1zXwgcUui3RKNIAQ8b4DA5uMxdPekbMq6PAkYCaPiM-vJO60dENjTvNnFxg8emuxd*mQCPoga0V5GJ8n&new=1,markdown/031_一文讲透长程Agentic_RL中的奖励方法.md,raw_html/031_一文讲透长程Agentic_RL中的奖励方法.html,ok,7284
14,ms-swift训练Qwen3.5 MoE的一些小技巧~,丁师兄大模型,1775048640,2026-04-01 21:04:00,"我是丁师兄,专注于智能驾驶大模型,持续分享LLM面试干货.大模型1v1辅导,已帮助多名同学成功上岸offer捷报恭喜学员拿下大模...",https://weixin.sogou.com/link?url=dn9a_-gY295K0Rci_xozVXfdMkSQTLW6cwJThYulHEtVjXrGTiVgS0gM5-1pgwW_G38_FwtvOKEOV2uQKty7kVqXa8Fplpd9eaYifW52eQky_JPxO-aESdzXdCNNEyrsBQd_IK9BfxHb22AOe5tf7UfkeDepjp4wEcoFLTOV6L-AP80onK8PFp06fDl0YnNCxA1m9YQb9XYHyxq5h-97cqcfrU7qOrWh8a711nX9EC78zvONlQcohHTC5qdF2E8WgsjMNVDb4e3RtmyIGw2VAg..&type=2&query=%E4%B8%81%E5%B8%88%E5%85%84%E5%A4%A7%E6%A8%A1%E5%9E%8B&token=C3F5872D4E50CDB80E085AE29FFD033E0F8F11346A3AA8B8,https://mp.weixin.qq.com/s?src=11&timestamp=1782229544&ver=6800&signature=EnFkJ7DHiU4i7Y5C6GqqZg4gdJ84YcRmCwIlFj1Vd-W7HayrHI4D0brlVFFHmKZTSdAounLM2UY028kaz8NV8LAl6C2vZHyoM3Qz8omVVqz1lLImZFYefksQD8YMmz8X&new=1,https://mp.weixin.qq.com/s?src=11&timestamp=1782229544&ver=6800&signature=EnFkJ7DHiU4i7Y5C6GqqZg4gdJ84YcRmCwIlFj1Vd-W7HayrHI4D0brlVFFHmKZTSdAounLM2UY028kaz8NV8LAl6C2vZHyoM3Qz8omVVqz1lLImZFYefksQD8YMmz8X&new=1,markdown/020_ms-swift训练Qwen3.5_MoE的一些小技巧~.md,raw_html/020_ms-swift训练Qwen3.5_MoE的一些小技巧~.html,ok,8438
15,"双非本+末九硕,大模型求职虐到崩溃...",丁师兄大模型,1774961508,2026-03-31 20:51:48,"本文由丁师兄大模型1v1训练营学员「知行合一」基于真实求职经历整理,主要分享大模型应用方向的实战经验与方法论.01背景本人...",https://weixin.sogou.com/link?url=dn9a_-gY295K0Rci_xozVXfdMkSQTLW6cwJThYulHEtVjXrGTiVgS0gM5-1pgwW_G38_FwtvOKEOV2uQKty7kVqXa8Fplpd9eaYifW52eQky_JPxO-aESdzXdCNNEyrsBQd_IK9BfxHb22AOe5tf7RGJaq2PEi8QsXrpls_3nkGT6nYu0wkTh-vP_gT1Tkofdl4PqB-bNkTMCyq3XYqQY3mp2UOiZ4yeIQXSr2LAMK3COW8E7OgNuAHS0BPWhYkiqP1f3JqxP2ItPujwwRB2Pw..&type=2&query=%E4%B8%81%E5%B8%88%E5%85%84%E5%A4%A7%E6%A8%A1%E5%9E%8B&token=C3F584364E50CDB80E085AE29FFD033E0F8F11346A3AA8B8,https://mp.weixin.qq.com/s?src=11&timestamp=1782229317&ver=6800&signature=EnFkJ7DHiU4i7Y5C6GqqZg4gdJ84YcRmCwIlFj1Vd-XTBGhn*Ml3N2l45CaX7Zf06yvqdQht*Au56ww3vkGllfcC8TKtAPeMDCW-m-UX2u-AHJ6MAwsKjy2b0a6xWGhe&new=1,https://mp.weixin.qq.com/s?src=11&timestamp=1782229317&ver=6800&signature=EnFkJ7DHiU4i7Y5C6GqqZg4gdJ84YcRmCwIlFj1Vd-XTBGhn*Ml3N2l45CaX7Zf06yvqdQht*Au56ww3vkGllfcC8TKtAPeMDCW-m-UX2u-AHJ6MAwsKjy2b0a6xWGhe&new=1,"markdown/005_双非本末九硕,大模型求职虐到崩溃.md","raw_html/005_双非本末九硕,大模型求职虐到崩溃.html",ok,2795
16,RL训不动?干掉Bubble就对了,丁师兄大模型,1774875825,2026-03-30 21:03:45,"我是丁师兄,专注于智能驾驶大模型,持续分享LLM面试干货.大模型1v1辅导,已帮助多名同学成功上岸offer捷报恭喜学员拿下大模...",https://weixin.sogou.com/link?url=dn9a_-gY295K0Rci_xozVXfdMkSQTLW6cwJThYulHEtVjXrGTiVgS0gM5-1pgwW_G38_FwtvOKEOV2uQKty7kVqXa8Fplpd9eaYifW52eQky_JPxO-aESdzXdCNNEyrsBQd_IK9BfxHb22AOe5tf7esxle9qSFbCieBBleOpmifCUyRzzDmoJKath_RyRTQ5jsz-e9qxdruDllYYQ24s17OS6hl1WHtPKp_gZtFqPWQasv_1-jJpqiPwVMaD1F619quCVwgFrdUO8fIRwtipOg..&type=2&query=%E4%B8%81%E5%B8%88%E5%85%84%E5%A4%A7%E6%A8%A1%E5%9E%8B&token=C3F5872D4E50CDB80E085AE29FFD033E0F8F11346A3AA8B8,https://mp.weixin.qq.com/s?src=11&timestamp=1782229468&ver=6800&signature=EnFkJ7DHiU4i7Y5C6GqqZg4gdJ84YcRmCwIlFj1Vd-VAj8Go3xNN2lBDdXegZNN6Tbj76AJ4X9gdke78IfkgroFUr3kSVM7mad0CMbAEn6jOg5ALTvP5TyqZVUI*8VuL&new=1,https://mp.weixin.qq.com/s?src=11&timestamp=1782229468&ver=6800&signature=EnFkJ7DHiU4i7Y5C6GqqZg4gdJ84YcRmCwIlFj1Vd-VAj8Go3xNN2lBDdXegZNN6Tbj76AJ4X9gdke78IfkgroFUr3kSVM7mad0CMbAEn6jOg5ALTvP5TyqZVUI*8VuL&new=1,markdown/015_RL训不动干掉Bubble就对了.md,raw_html/015_RL训不动干掉Bubble就对了.html,ok,4446
17,24GB显卡GRPO训练Qwen3-4B模型记录~,丁师兄大模型,1774789524,2026-03-29 21:05:24,"我是丁师兄,专注于智能驾驶大模型,持续分享LLM面试干货.大模型1v1辅导,已帮助多名同学成功上岸offer捷报恭喜学员拿下大模...",https://weixin.sogou.com/link?url=dn9a_-gY295K0Rci_xozVXfdMkSQTLW6cwJThYulHEtVjXrGTiVgS0gM5-1pgwW_G38_FwtvOKEOV2uQKty7kVqXa8Fplpd9eaYifW52eQky_JPxO-aESdzXdCNNEyrsBQd_IK9BfxHb22AOe5tf7Ss7qfGGPTkYCsSPIL_424qLTHcZCvFrtpfKeiCyy_D04l1D-nEg6gXn1X6pKNLearZ6aDcWn-qUm0nzGUoqBgeUqKyj2MYWUOJUBxmm5vawXylNuXN9tRUY-UZGbO56rA..&type=2&query=%E4%B8%81%E5%B8%88%E5%85%84%E5%A4%A7%E6%A8%A1%E5%9E%8B&token=C3F584364E50CDB80E085AE29FFD033E0F8F11346A3AA8B8,https://mp.weixin.qq.com/s?src=11&timestamp=1782229376&ver=6800&signature=EnFkJ7DHiU4i7Y5C6GqqZg4gdJ84YcRmCwIlFj1Vd-U-y*zvnZhFSBBmZ4m4dlHS*YyaGgGdEFRBiOw4Z4EDyqoKaSt7aFejhu0tiHKIYfk*Z5S2MOA3EBgyGpGcdDMi&new=1,https://mp.weixin.qq.com/s?src=11&timestamp=1782229376&ver=6800&signature=EnFkJ7DHiU4i7Y5C6GqqZg4gdJ84YcRmCwIlFj1Vd-U-y*zvnZhFSBBmZ4m4dlHS*YyaGgGdEFRBiOw4Z4EDyqoKaSt7aFejhu0tiHKIYfk*Z5S2MOA3EBgyGpGcdDMi&new=1,markdown/009_24GB显卡GRPO训练Qwen3-4B模型记录~.md,raw_html/009_24GB显卡GRPO训练Qwen3-4B模型记录~.html,ok,1575
18,LLM后训练全解析:RLHF→GRPO→Agentic RL,丁师兄大模型,1774703050,2026-03-28 21:04:10,"我是丁师兄,专注于智能驾驶大模型,持续分享LLM面试干货.大模型1v1辅导,已帮助多名同学成功上岸offer捷报恭喜学员拿下大模...",https://weixin.sogou.com/link?url=dn9a_-gY295K0Rci_xozVXfdMkSQTLW6cwJThYulHEtVjXrGTiVgS0gM5-1pgwW_Fcg0cKPsUZkOV2uQKty7kVqXa8Fplpd9eaYifW52eQky_JPxO-aESdzXdCNNEyrsBQd_IK9BfxHb22AOe5tf7cnUmu0OnnhgOO0PjyrIveNI5s_mkEwHXnGHVXpTMRrHd7YVWccXpbQRn-ZGfEgpauuRlAyRbjyvdVs2IkEIBKUvLK9K_91oi5spHAlgxT-3VUtErCXdT9xFH6In5Ei3zg..&type=2&query=%E4%B8%81%E5%B8%88%E5%85%84%E5%A4%A7%E6%A8%A1%E5%9E%8B&token=C3F598324E50CDB80E085AE29FFD033E0F8F11346A3AA8BC,https://mp.weixin.qq.com/s?src=11&timestamp=1782229663&ver=6800&signature=EnFkJ7DHiU4i7Y5C6GqqZg4gdJ84YcRmCwIlFj1Vd-XEGXRxs2ur*ECp7H0r56zcSa70L8QgieI6UYCwDujE90K7RGNFQt82zlP-aHXrQoOuF2UFUZZXOuMXzi6b6jPf&new=1,https://mp.weixin.qq.com/s?src=11&timestamp=1782229663&ver=6800&signature=EnFkJ7DHiU4i7Y5C6GqqZg4gdJ84YcRmCwIlFj1Vd-XEGXRxs2ur*ECp7H0r56zcSa70L8QgieI6UYCwDujE90K7RGNFQt82zlP-aHXrQoOuF2UFUZZXOuMXzi6b6jPf&new=1,markdown/039_LLM后训练全解析RLHF→GRPO→Agentic_RL.md,raw_html/039_LLM后训练全解析RLHF→GRPO→Agentic_RL.html,ok,7619
19,碾压GRPO?On-Policy Distillation成新主流,丁师兄大模型,1774616797,2026-03-27 21:06:37,"我是丁师兄,专注于智能驾驶大模型,持续分享LLM面试干货.大模型1v1辅导,已帮助多名同学成功上岸offer捷报恭喜学员拿下大模...",https://weixin.sogou.com/link?url=dn9a_-gY295K0Rci_xozVXfdMkSQTLW6cwJThYulHEtVjXrGTiVgS0gM5-1pgwW_G38_FwtvOKEOV2uQKty7kVqXa8Fplpd9eaYifW52eQky_JPxO-aESdzXdCNNEyrsBQd_IK9BfxHb22AOe5tf7dCZIGzyLxmKxecgKnRbI3v5xGQp2jBETL2bSiyAu-NT0g7A7AUlKSEahyypKLwTAnvXRUFKr8nDWbHSm-u4IojQfX042r5kNnjsYFeX-h8sREhNORlx0gSE8RsmObDbtQ..&type=2&query=%E4%B8%81%E5%B8%88%E5%85%84%E5%A4%A7%E6%A8%A1%E5%9E%8B&token=C3F5872D4E50CDB80E085AE29FFD033E0F8F11346A3AA8B8,https://mp.weixin.qq.com/s?src=11&timestamp=1782229498&ver=6800&signature=EnFkJ7DHiU4i7Y5C6GqqZg4gdJ84YcRmCwIlFj1Vd-VVQVQ4oudWZdRU4nRo*TdpMzR9ru6LIZA1RXUQEqXsHnIjnAUFRbVjRrzqu4j8N89wtkurC96zpEu13dswOwLI&new=1,https://mp.weixin.qq.com/s?src=11&timestamp=1782229498&ver=6800&signature=EnFkJ7DHiU4i7Y5C6GqqZg4gdJ84YcRmCwIlFj1Vd-VVQVQ4oudWZdRU4nRo*TdpMzR9ru6LIZA1RXUQEqXsHnIjnAUFRbVjRrzqu4j8N89wtkurC96zpEu13dswOwLI&new=1,markdown/017_碾压GRPOOn-Policy_Distillation成新主流.md,raw_html/017_碾压GRPOOn-Policy_Distillation成新主流.html,ok,6079
20,万字长文:讲透Agent上下文管理策略,丁师兄大模型,1774530239,2026-03-26 21:03:59,"我是丁师兄,专注于智能驾驶大模型,持续分享LLM面试干货.大模型1v1辅导,已帮助多名同学成功上岸offer捷报恭喜学员拿下大模...",https://weixin.sogou.com/link?url=dn9a_-gY295K0Rci_xozVXfdMkSQTLW6cwJThYulHEtVjXrGTiVgS0gM5-1pgwW_fK9V3YoTtokOV2uQKty7kVqXa8Fplpd9eaYifW52eQky_JPxO-aESdzXdCNNEyrsBQd_IK9BfxHb22AOe5tf7Qk-P9q7HeZDp8Zab5FBMqzBTSyzjNqKe3eAoIOx9Figv_2fABvRTf5siCHOGpFttYh4sp2Tu93RZq2jN4TBkdQjWigU5EnLvj8tzCY0DaZSiadbKFgdZkphlgeRt7bSzA..&type=2&query=%E4%B8%81%E5%B8%88%E5%85%84%E5%A4%A7%E6%A8%A1%E5%9E%8B&token=C3F595B24E50CDB80E085AE29FFD033E0F8F11346A3AA8BC,https://mp.weixin.qq.com/s?src=11&timestamp=1782229649&ver=6800&signature=EnFkJ7DHiU4i7Y5C6GqqZg4gdJ84YcRmCwIlFj1Vd-WaJXJB2MYYGXbVpokBz-6rlis-xFHYN*PGKka-b*u5tcOFAFSDUQmK6sjjJ4cEUnJsUN8nub2fqIcZ66LTfS5Y&new=1,https://mp.weixin.qq.com/s?src=11&timestamp=1782229649&ver=6800&signature=EnFkJ7DHiU4i7Y5C6GqqZg4gdJ84YcRmCwIlFj1Vd-WaJXJB2MYYGXbVpokBz-6rlis-xFHYN*PGKka-b*u5tcOFAFSDUQmK6sjjJ4cEUnJsUN8nub2fqIcZ66LTfS5Y&new=1,markdown/033_万字长文讲透Agent上下文管理策略.md,raw_html/033_万字长文讲透Agent上下文管理策略.html,ok,11704
21,AI Agent原理速通:以OpenClaw为例,丁师兄大模型,1774443915,2026-03-25 21:05:15,"我是丁师兄,专注于智能驾驶大模型,持续分享LLM面试干货.大模型1v1辅导,已帮助多名同学成功上岸offer捷报恭喜学员拿下大模...",https://weixin.sogou.com/link?url=dn9a_-gY295K0Rci_xozVXfdMkSQTLW6cwJThYulHEtVjXrGTiVgS0gM5-1pgwW_xlHASsegprQOV2uQKty7kVqXa8Fplpd9eaYifW52eQky_JPxO-aESdzXdCNNEyrsBQd_IK9BfxHb22AOe5tf7VtEifThzNIsLvfC-5OyahDLXJEiBYq1fyZIK_VURRkUSADZXAFqGDYPnlh79FxdPdd7PyNd1Kz_GLHaQA58MV1RspFZU4pXEPhdXU7q1oZ99ri7K2uAIIR5Nu7CnoSqqg..&type=2&query=%E4%B8%81%E5%B8%88%E5%85%84 %E5%A4%A7%E6%A8%A1%E5%9E%8B %E9%9D%A2%E8%AF%95&token=C3F5ABB2B8A6344FF7FEAC1566AA4218F815D7E16A3AA8C1,https://mp.weixin.qq.com/s?src=11&timestamp=1782229921&ver=6800&signature=EnFkJ7DHiU4i7Y5C6GqqZg4gdJ84YcRmCwIlFj1Vd-Vx3klCtmb5W8rumWZeGIckFgqMvu050uPUwC3yjKuGPuRN4VFB1ZXQyus2myVz2QtOnNCVVpu9ZtEOsGHN2zrj&new=1,https://mp.weixin.qq.com/s?src=11&timestamp=1782229921&ver=6800&signature=EnFkJ7DHiU4i7Y5C6GqqZg4gdJ84YcRmCwIlFj1Vd-Vx3klCtmb5W8rumWZeGIckFgqMvu050uPUwC3yjKuGPuRN4VFB1ZXQyus2myVz2QtOnNCVVpu9ZtEOsGHN2zrj&new=1,markdown/047_AI_Agent原理速通以OpenClaw为例.md,raw_html/047_AI_Agent原理速通以OpenClaw为例.html,ok,11011
22,淘天AI岗JD拆解:27届阿里春招变了~,丁师兄大模型,1774443915,2026-03-25 21:05:15,"我是丁师兄,专注于智能驾驶大模型,持续分享LLM面试干货.大模型1v1辅导,已帮助多名同学成功上岸offer捷报恭喜学员拿下大模...",https://weixin.sogou.com/link?url=dn9a_-gY295K0Rci_xozVXfdMkSQTLW6cwJThYulHEtVjXrGTiVgS0gM5-1pgwW_Fcg0cKPsUZkOV2uQKty7kVqXa8Fplpd9eaYifW52eQky_JPxO-aESdzXdCNNEyrsBQd_IK9BfxHb22AOe5tf7TiGWU_SMNiyf8c94ffs3xHEvZftMji7cG9Sqlnc0PKyw9P7MWHqope_TR-mGrcRx9ihlmEV90ViLmyKVzTqLE-4wtt-FwryGTxkaPzVxeARP-rUOcqGBvMSYTqT4eyLmA..&type=2&query=%E4%B8%81%E5%B8%88%E5%85%84%E5%A4%A7%E6%A8%A1%E5%9E%8B&token=C3F598324E50CDB80E085AE29FFD033E0F8F11346A3AA8BC,https://mp.weixin.qq.com/s?src=11&timestamp=1782229658&ver=6800&signature=EnFkJ7DHiU4i7Y5C6GqqZg4gdJ84YcRmCwIlFj1Vd-Uv0RXBoA-lVPmIlmab0nir7y54wBRtfsTPn0M3awoVJq2mDOoGl2IbW8Zl-N*O6yInl0sxqMpxBm*RFsqKcbMv&new=1,https://mp.weixin.qq.com/s?src=11&timestamp=1782229658&ver=6800&signature=EnFkJ7DHiU4i7Y5C6GqqZg4gdJ84YcRmCwIlFj1Vd-Uv0RXBoA-lVPmIlmab0nir7y54wBRtfsTPn0M3awoVJq2mDOoGl2IbW8Zl-N*O6yInl0sxqMpxBm*RFsqKcbMv&new=1,markdown/037_淘天AI岗JD拆解27届阿里春招变了~.md,raw_html/037_淘天AI岗JD拆解27届阿里春招变了~.html,ok,1832
23,"都在用MoE,但你真的会训吗?",丁师兄大模型,1774357467,2026-03-24 21:04:27,"我是丁师兄,专注于智能驾驶大模型,持续分享LLM面试干货.大模型1v1辅导,已帮助多名同学成功上岸offer捷报恭喜学员拿下大模...",https://weixin.sogou.com/link?url=dn9a_-gY295K0Rci_xozVXfdMkSQTLW6cwJThYulHEtVjXrGTiVgS0gM5-1pgwW_G38_FwtvOKEOV2uQKty7kVqXa8Fplpd9eaYifW52eQky_JPxO-aESdzXdCNNEyrsBQd_IK9BfxHb22AOe5tf7bhHDSTb3WXHYSDTfFbRSRZJbv1k3PbE81PzozrmhckdkJEgKUrJo6ByM4pPTMcbQ75D7nHrxIELBa3e6mImrOAsjOhhJU2WBsp7KErXxKr6Vv_id6J3oD8HpHkoPMgL3A..&type=2&query=%E4%B8%81%E5%B8%88%E5%85%84%E5%A4%A7%E6%A8%A1%E5%9E%8B&token=C3F5872D4E50CDB80E085AE29FFD033E0F8F11346A3AA8B8,https://mp.weixin.qq.com/s?src=11&timestamp=1782229483&ver=6800&signature=EnFkJ7DHiU4i7Y5C6GqqZg4gdJ84YcRmCwIlFj1Vd-UtTSWAVOVp8sUXOEgmNK7owjxtJODNEdhxx13HUSCBvaQvYqsAZ*xbf9qwguF4TLsHG9a4iBF8JcN0QqxVa1Bu&new=1,https://mp.weixin.qq.com/s?src=11&timestamp=1782229483&ver=6800&signature=EnFkJ7DHiU4i7Y5C6GqqZg4gdJ84YcRmCwIlFj1Vd-UtTSWAVOVp8sUXOEgmNK7owjxtJODNEdhxx13HUSCBvaQvYqsAZ*xbf9qwguF4TLsHG9a4iBF8JcN0QqxVa1Bu&new=1,"markdown/016_都在用MoE,但你真的会训吗.md","raw_html/016_都在用MoE,但你真的会训吗.html",ok,3681
24,腾讯AI应用开发二面:热乎面经!!!,丁师兄大模型,1774272063,2026-03-23 21:21:03,"我是丁师兄,专注于智能驾驶大模型,持续分享LLM面试干货.大模型1v1辅导,已帮助多名同学成功上岸offer捷报恭喜学员拿下大模...",https://weixin.sogou.com/link?url=dn9a_-gY295K0Rci_xozVXfdMkSQTLW6cwJThYulHEtVjXrGTiVgS0gM5-1pgwW_G38_FwtvOKEOV2uQKty7kVqXa8Fplpd9eaYifW52eQky_JPxO-aESdzXdCNNEyrsBQd_IK9BfxHb22AOe5tf7fCOLJJa6pEz1oXR9u-yq3RUjGiUZZc-mXC-umfEAt4gMhLyzC9VqCWcwA4t_aTv7CF_bWaozlmV76_SreBow3-uhVfKJrkkqNveJGaE-yAzi0CDgbxHA_pQL0Hr9Gyd3Q..&type=2&query=%E4%B8%81%E5%B8%88%E5%85%84%E5%A4%A7%E6%A8%A1%E5%9E%8B&token=C3F584364E50CDB80E085AE29FFD033E0F8F11346A3AA8B8,https://mp.weixin.qq.com/s?src=11&timestamp=1782229391&ver=6800&signature=EnFkJ7DHiU4i7Y5C6GqqZg4gdJ84YcRmCwIlFj1Vd-UMT-w7C1WaBLrYtKCFPSZppGzCtgcgKQPRkwwH1TWaCD6*DxQXYv2ofpEL2uLXVOhBY55UQlB2zeveb8EuZW66&new=1,https://mp.weixin.qq.com/s?src=11&timestamp=1782229391&ver=6800&signature=EnFkJ7DHiU4i7Y5C6GqqZg4gdJ84YcRmCwIlFj1Vd-UMT-w7C1WaBLrYtKCFPSZppGzCtgcgKQPRkwwH1TWaCD6*DxQXYv2ofpEL2uLXVOhBY55UQlB2zeveb8EuZW66&new=1,markdown/010_腾讯AI应用开发二面热乎面经.md,raw_html/010_腾讯AI应用开发二面热乎面经.html,ok,1558
25,GRPO vs PPO:大模型RL到底该选谁?,丁师兄大模型,1774272063,2026-03-23 21:21:03,"我是丁师兄,专注于智能驾驶大模型,持续分享LLM面试干货.大模型1v1辅导,已帮助多名同学成功上岸offer捷报恭喜学员拿下大模...",https://weixin.sogou.com/link?url=dn9a_-gY295K0Rci_xozVXfdMkSQTLW6cwJThYulHEtVjXrGTiVgS0gM5-1pgwW_G38_FwtvOKEOV2uQKty7kVqXa8Fplpd9eaYifW52eQky_JPxO-aESdzXdCNNEyrsBQd_IK9BfxHb22AOe5tf7XbzLvTCndMSmuI6b5bykBQHCyF4SPtKMIYWczGVGEVSmCjSIKFnVkUWaBIwbg1ZRVkhbitMFtwFAcCzJZZ9Qb5lNlsyZagJ1Ppa9c4CggJqVsgFVd7MXS_m0CtGSSkZQQ..&type=2&query=%E4%B8%81%E5%B8%88%E5%85%84%E5%A4%A7%E6%A8%A1%E5%9E%8B&token=C3F584364E50CDB80E085AE29FFD033E0F8F11346A3AA8B8,https://mp.weixin.qq.com/s?src=11&timestamp=1782229272&ver=6800&signature=EnFkJ7DHiU4i7Y5C6GqqZg4gdJ84YcRmCwIlFj1Vd-W*aP8WL1KxHAKfUCyTqCTGUbDI8atewvTQqXeLB8lrRAn6iqyAuzKXr4nSWK6wbmA9lkkSZFTaS0Ti1MN4o5Lf&new=1,https://mp.weixin.qq.com/s?src=11&timestamp=1782229272&ver=6800&signature=EnFkJ7DHiU4i7Y5C6GqqZg4gdJ84YcRmCwIlFj1Vd-W*aP8WL1KxHAKfUCyTqCTGUbDI8atewvTQqXeLB8lrRAn6iqyAuzKXr4nSWK6wbmA9lkkSZFTaS0Ti1MN4o5Lf&new=1,markdown/002_GRPO_vs_PPO大模型RL到底该选谁.md,raw_html/002_GRPO_vs_PPO大模型RL到底该选谁.html,ok,2333
26,Flash-Attention终极避坑与排错指南~,丁师兄大模型,1774184657,2026-03-22 21:04:17,"我是丁师兄,专注于智能驾驶大模型,持续分享LLM面试干货.大模型1v1辅导,已帮助多名同学成功上岸offer捷报恭喜学员拿下大模...",https://weixin.sogou.com/link?url=dn9a_-gY295K0Rci_xozVXfdMkSQTLW6cwJThYulHEtVjXrGTiVgS0gM5-1pgwW_G38_FwtvOKEOV2uQKty7kVqXa8Fplpd9eaYifW52eQky_JPxO-aESdzXdCNNEyrsBQd_IK9BfxHb22AOe5tf7XqL-3nLSdhbUmlJXD1kro0SLnhsKCYgILHc5Xz6SJwo04tBwyhIuHMt9lONRPL10hfCS3Jq95ruMZRX-gxZk24HJugiX6H7bUYZqOSaNjVXwjoi840hwoGE8RsmObDbtQ..&type=2&query=%E4%B8%81%E5%B8%88%E5%85%84%E5%A4%A7%E6%A8%A1%E5%9E%8B&token=C3F5872D4E50CDB80E085AE29FFD033E0F8F11346A3AA8B8,https://mp.weixin.qq.com/s?src=11&timestamp=1782229452&ver=6800&signature=EnFkJ7DHiU4i7Y5C6GqqZg4gdJ84YcRmCwIlFj1Vd-VqInHbslAlv4cs*84bChpH87Wz*MKpXbQKhhh07ZSelZq*MvgV7sINGWIlhqWsgvapD7jLQHN6CKfux4PPBEr5&new=1,https://mp.weixin.qq.com/s?src=11&timestamp=1782229452&ver=6800&signature=EnFkJ7DHiU4i7Y5C6GqqZg4gdJ84YcRmCwIlFj1Vd-VqInHbslAlv4cs*84bChpH87Wz*MKpXbQKhhh07ZSelZq*MvgV7sINGWIlhqWsgvapD7jLQHN6CKfux4PPBEr5&new=1,markdown/014_Flash-Attention终极避坑与排错指南~.md,raw_html/014_Flash-Attention终极避坑与排错指南~.html,ok,2934
27,大模型算法岗面什么?面试流程全拆解~,丁师兄大模型,1774098171,2026-03-21 21:02:51,"我是丁师兄,专注于智能驾驶大模型,持续分享LLM面试干货.大模型1v1辅导,已帮助多名同学成功上岸offer捷报恭喜学员拿下大模...",https://weixin.sogou.com/link?url=dn9a_-gY295K0Rci_xozVXfdMkSQTLW6cwJThYulHEtVjXrGTiVgS0gM5-1pgwW_G38_FwtvOKEOV2uQKty7kVqXa8Fplpd9eaYifW52eQky_JPxO-aESdzXdCNNEyrsBQd_IK9BfxHb22AOe5tf7e9y0v_QIWDZUSgE_iaX3YooK81sPwVCSixQfYyPuYKW8MhuPJWg5msTwckzpbGBzIZpJb--DoYORcxpXb9x1APK-8OQ5GiQpRMK4EHSEeONRbh24P4H_A6AFV_3u-a3OQ..&type=2&query=%E4%B8%81%E5%B8%88%E5%85%84%E5%A4%A7%E6%A8%A1%E5%9E%8B&token=C3F584364E50CDB80E085AE29FFD033E0F8F11346A3AA8B8,https://mp.weixin.qq.com/s?src=11&timestamp=1782229333&ver=6800&signature=EnFkJ7DHiU4i7Y5C6GqqZg4gdJ84YcRmCwIlFj1Vd-WSYIFbLYRI6zJLAn*E4d6IVYBvIhIk6iwaSEYUPlXgBRLJMB3JcNf4*Yqx5c*mAU0udUjWGhzkVH2t2zfZfXLi&new=1,https://mp.weixin.qq.com/s?src=11&timestamp=1782229333&ver=6800&signature=EnFkJ7DHiU4i7Y5C6GqqZg4gdJ84YcRmCwIlFj1Vd-WSYIFbLYRI6zJLAn*E4d6IVYBvIhIk6iwaSEYUPlXgBRLJMB3JcNf4*Yqx5c*mAU0udUjWGhzkVH2t2zfZfXLi&new=1,markdown/006_大模型算法岗面什么面试流程全拆解~.md,raw_html/006_大模型算法岗面什么面试流程全拆解~.html,ok,5247
28,"做LLM强化学习,选在线RL还是离线RL?",丁师兄大模型,1774011949,2026-03-20 21:05:49,"我是丁师兄,专注于智能驾驶大模型,持续分享LLM面试干货.大模型1v1辅导,已帮助多名同学成功上岸offer捷报恭喜学员拿下大模...",https://weixin.sogou.com/link?url=dn9a_-gY295K0Rci_xozVXfdMkSQTLW6cwJThYulHEtVjXrGTiVgS0gM5-1pgwW_fK9V3YoTtokOV2uQKty7kVqXa8Fplpd9eaYifW52eQky_JPxO-aESdzXdCNNEyrsBQd_IK9BfxHb22AOe5tf7Wm3ZQXDj1RLcLfxN_fweXVv8RXoEAwtNxEFBnHo7RssNx-7TL16FDEcUjE8vlo3LHrdTK-VU_hLOh0EHHE__V3XBkasxPIGjf596MYVNhQnpn30_EMi_fjYl_Q5RRZQjg..&type=2&query=%E4%B8%81%E5%B8%88%E5%85%84%E5%A4%A7%E6%A8%A1%E5%9E%8B&token=C3F595B24E50CDB80E085AE29FFD033E0F8F11346A3AA8BC,https://mp.weixin.qq.com/s?src=11&timestamp=1782229630&ver=6800&signature=EnFkJ7DHiU4i7Y5C6GqqZg4gdJ84YcRmCwIlFj1Vd-XI0IbfE2ki9pvtIJ2iJZ-rFS2YT2yOIsnHL74HVFQJiZBm2UvtvBqa3*-Uy2A5tq27nL2KGvfMC39rJ763C01s&new=1,https://mp.weixin.qq.com/s?src=11&timestamp=1782229630&ver=6800&signature=EnFkJ7DHiU4i7Y5C6GqqZg4gdJ84YcRmCwIlFj1Vd-XI0IbfE2ki9pvtIJ2iJZ-rFS2YT2yOIsnHL74HVFQJiZBm2UvtvBqa3*-Uy2A5tq27nL2KGvfMC39rJ763C01s&new=1,"markdown/025_做LLM强化学习,选在线RL还是离线RL.md","raw_html/025_做LLM强化学习,选在线RL还是离线RL.html",ok,2639
29,"福报厂TL亲历:大模型算法校招,我是怎么筛人的?",丁师兄大模型,1773925426,2026-03-19 21:03:46,"我是丁师兄,专注于智能驾驶大模型,持续分享LLM面试干货.大模型1v1辅导,已帮助多名同学成功上岸offer捷报恭喜学员拿下大模...",https://weixin.sogou.com/link?url=dn9a_-gY295K0Rci_xozVXfdMkSQTLW6cwJThYulHEtVjXrGTiVgS0gM5-1pgwW_G38_FwtvOKEOV2uQKty7kVqXa8Fplpd9eaYifW52eQky_JPxO-aESdzXdCNNEyrsBQd_IK9BfxHb22AOe5tf7YIpoGOIDSelVqXs7RVqiQTm-KpJ8nSd_fpEEdFwKvncu2Ycs-g6IOMPj_zUQrEXx8rxKaKDK2bWBOqeo2B38jzQd1nTKDZgQO-qyjsLFpbHWDKSwamneMFe0WC6Sbi7DA..&type=2&query=%E4%B8%81%E5%B8%88%E5%85%84%E5%A4%A7%E6%A8%A1%E5%9E%8B&token=C3F584364E50CDB80E085AE29FFD033E0F8F11346A3AA8B8,https://mp.weixin.qq.com/s?src=11&timestamp=1782229303&ver=6800&signature=EnFkJ7DHiU4i7Y5C6GqqZg4gdJ84YcRmCwIlFj1Vd-X8VcbcL83zbKHlG063X*zlmTTGOaf4q2zgvZZu3LsoqSqGrRSNahxY8dlAaPmbha3bEtmkppB5NR072zTKlDLd&new=1,https://mp.weixin.qq.com/s?src=11&timestamp=1782229303&ver=6800&signature=EnFkJ7DHiU4i7Y5C6GqqZg4gdJ84YcRmCwIlFj1Vd-X8VcbcL83zbKHlG063X*zlmTTGOaf4q2zgvZZu3LsoqSqGrRSNahxY8dlAaPmbha3bEtmkppB5NR072zTKlDLd&new=1,"markdown/004_福报厂TL亲历大模型算法校招,我是怎么筛人的.md","raw_html/004_福报厂TL亲历大模型算法校招,我是怎么筛人的.html",ok,2274
30,RLHF/PPO为什么一定要rollout?,丁师兄大模型,1773839086,2026-03-18 21:04:46,"我是丁师兄,专注于智能驾驶大模型,持续分享LLM面试干货.大模型1v1辅导,已帮助多名同学成功上岸offer捷报恭喜学员拿下大模...",https://weixin.sogou.com/link?url=dn9a_-gY295K0Rci_xozVXfdMkSQTLW6cwJThYulHEtVjXrGTiVgS0gM5-1pgwW_G38_FwtvOKEOV2uQKty7kVqXa8Fplpd9eaYifW52eQky_JPxO-aESdzXdCNNEyrsBQd_IK9BfxHb22AOe5tf7RPx_6yk-rpKmeL5zWo8a7vTnO6zMLorr532UhhK9nWGHPxAE6XfrvuswqlWd7Ie6ErcFMZ5gIilZBUNL0Hoj_nTA7sdVHrdtBIpGoxtx4_leLWbc_crfSd5LU3lqtPw9g..&type=2&query=%E4%B8%81%E5%B8%88%E5%85%84%E5%A4%A7%E6%A8%A1%E5%9E%8B&token=C3F5872D4E50CDB80E085AE29FFD033E0F8F11346A3AA8B8,https://mp.weixin.qq.com/s?src=11&timestamp=1782229406&ver=6800&signature=EnFkJ7DHiU4i7Y5C6GqqZg4gdJ84YcRmCwIlFj1Vd-UvbXqSQ6FNgToTvobUbLcOOkUkmEU0wxvUCRBECGZh*Nmt8MEH14ub07Ku1xFu65Mq7y-MO9HVBVRm2RgbPKlZ&new=1,https://mp.weixin.qq.com/s?src=11&timestamp=1782229406&ver=6800&signature=EnFkJ7DHiU4i7Y5C6GqqZg4gdJ84YcRmCwIlFj1Vd-UvbXqSQ6FNgToTvobUbLcOOkUkmEU0wxvUCRBECGZh*Nmt8MEH14ub07Ku1xFu65Mq7y-MO9HVBVRm2RgbPKlZ&new=1,markdown/011_RLHFPPO为什么一定要rollout.md,raw_html/011_RLHFPPO为什么一定要rollout.html,ok,1698
31,"为什么我放弃后端,选择Agent?",丁师兄大模型,1773752782,2026-03-17 21:06:22,"我是丁师兄,专注于智能驾驶大模型,持续分享LLM面试干货.大模型1v1辅导,已帮助多名同学成功上岸offer捷报恭喜学员拿下大模...",https://weixin.sogou.com/link?url=dn9a_-gY295K0Rci_xozVXfdMkSQTLW6cwJThYulHEtVjXrGTiVgS0gM5-1pgwW_Fcg0cKPsUZkOV2uQKty7kVqXa8Fplpd9eaYifW52eQky_JPxO-aESdzXdCNNEyrsBQd_IK9BfxHb22AOe5tf7Rn7P4mT5tfdpKqXxDviZCyzZmjpMTB1gd6N7vlRvCoW5gTx2VnLKmt7LbhBLgsVZfHJR6o1GVLVn5C-ebAAfogu00JUfE7acC6B0COiogkOdgjBMlSSJbVOJBjQH7pCxQ..&type=2&query=%E4%B8%81%E5%B8%88%E5%85%84%E5%A4%A7%E6%A8%A1%E5%9E%8B&token=C3F598324E50CDB80E085AE29FFD033E0F8F11346A3AA8BC,https://mp.weixin.qq.com/s?src=11&timestamp=1782229656&ver=6800&signature=EnFkJ7DHiU4i7Y5C6GqqZg4gdJ84YcRmCwIlFj1Vd-U*D0HTQU3Zm9VxCBokg15rIp-Dvnm*55eMXsJXJKXB8Fs9IWrV06wacbA74J1FUxqTQkesiDEr2PYnXsN8tSt3&new=1,https://mp.weixin.qq.com/s?src=11&timestamp=1782229656&ver=6800&signature=EnFkJ7DHiU4i7Y5C6GqqZg4gdJ84YcRmCwIlFj1Vd-U*D0HTQU3Zm9VxCBokg15rIp-Dvnm*55eMXsJXJKXB8Fs9IWrV06wacbA74J1FUxqTQkesiDEr2PYnXsN8tSt3&new=1,"markdown/036_为什么我放弃后端,选择Agent.md","raw_html/036_为什么我放弃后端,选择Agent.html",ok,1330
32,"用LangChain搭企业知识库RAG,我踩了这些坑",丁师兄大模型,1773666246,2026-03-16 21:04:06,"我是丁师兄,专注于智能驾驶大模型,持续分享LLM面试干货.大模型1v1辅导,已帮助多名同学成功上岸offer捷报恭喜学员拿下大模...",https://weixin.sogou.com/link?url=dn9a_-gY295K0Rci_xozVXfdMkSQTLW6cwJThYulHEtVjXrGTiVgS0gM5-1pgwW_xlHASsegprQOV2uQKty7kVqXa8Fplpd9eaYifW52eQky_JPxO-aESdzXdCNNEyrsBQd_IK9BfxHb22AOe5tf7b3ZJJIjRkkV-bEmPhNRaUJMekZhqr6J8Z0D_n37CoqvNA3TEGrz8yq-4W_2GljSp2SHMGYRX9VAbYO-39-ebHnUvbdP9m5RzhZIKi8qKONU6KDinxQvfZJ5LU3lqtPw9g..&type=2&query=%E4%B8%81%E5%B8%88%E5%85%84 %E5%A4%A7%E6%A8%A1%E5%9E%8B %E9%9D%A2%E8%AF%95&token=C3F5A8CDB8A6344FF7FEAC1566AA4218F815D7E16A3AA8C1,https://mp.weixin.qq.com/s?src=11&timestamp=1782229930&ver=6800&signature=EnFkJ7DHiU4i7Y5C6GqqZg4gdJ84YcRmCwIlFj1Vd-Uy95RpZNZbVFYEfA1FTv51*n9RPampPevpsum-U0xuGqBkp0QFloCQEQynD8V0-p9fAqIwD88nt3akFPG4jkCV&new=1,https://mp.weixin.qq.com/s?src=11&timestamp=1782229930&ver=6800&signature=EnFkJ7DHiU4i7Y5C6GqqZg4gdJ84YcRmCwIlFj1Vd-Uy95RpZNZbVFYEfA1FTv51*n9RPampPevpsum-U0xuGqBkp0QFloCQEQynD8V0-p9fAqIwD88nt3akFPG4jkCV&new=1,"markdown/043_用LangChain搭企业知识库RAG,我踩了这些坑.md","raw_html/043_用LangChain搭企业知识库RAG,我踩了这些坑.html",ok,4036
33,AI Infra面试常考:FlashAttention系列,丁师兄大模型,1773579859,2026-03-15 21:04:19,"我是丁师兄,专注于智能驾驶大模型,持续分享LLM面试干货.大模型1v1辅导,已帮助多名同学成功上岸offer捷报恭喜学员拿下大模...",https://weixin.sogou.com/link?url=dn9a_-gY295K0Rci_xozVXfdMkSQTLW6cwJThYulHEtVjXrGTiVgS0gM5-1pgwW__s8tYjys6JsOV2uQKty7kVqXa8Fplpd9eaYifW52eQky_JPxO-aESdzXdCNNEyrsBQd_IK9BfxHb22AOe5tf7WQVTospSx92wsDSXFrydOdYAltuRCFb0RdgLGclJ_Rts3Mq-6Bq2zOpOVocvewL2Zj_ZYlc2RHFa71kzgFeqxctkOlv5Fr_L4BmHN-wjJn0kVyYnnZfkd6fxjh3za6jWA..&type=2&query=%E4%B8%81%E5%B8%88%E5%85%84 %E5%A4%A7%E6%A8%A1%E5%9E%8B %E9%9D%A2%E8%AF%95&token=C3F5A5E2B8A6344FF7FEAC1566AA4218F815D7E16A3AA8C0,https://mp.weixin.qq.com/s?src=11&timestamp=1782229937&ver=6800&signature=EnFkJ7DHiU4i7Y5C6GqqZg4gdJ84YcRmCwIlFj1Vd-VbGf96OyA2TFAWICUWMGkMtaE47ZPIIgztWyXx22k*RzAwB87BevVGGZQ51NRnwvoixl-g7BjCY9DUveL1pXnM&new=1,https://mp.weixin.qq.com/s?src=11&timestamp=1782229937&ver=6800&signature=EnFkJ7DHiU4i7Y5C6GqqZg4gdJ84YcRmCwIlFj1Vd-VbGf96OyA2TFAWICUWMGkMtaE47ZPIIgztWyXx22k*RzAwB87BevVGGZQ51NRnwvoixl-g7BjCY9DUveL1pXnM&new=1,markdown/040_AI_Infra面试常考FlashAttention系列.md,raw_html/040_AI_Infra面试常考FlashAttention系列.html,ok,3365
34,"2本水硕+0论文,拿下大模型算法:1SP+8SSP",丁师兄大模型,1773493407,2026-03-14 21:03:27,"我是丁师兄,专注于智能驾驶大模型,持续分享LLM面试干货.大模型1v1辅导,已帮助多名同学成功上岸offer捷报恭喜学员拿下大模...",https://weixin.sogou.com/link?url=dn9a_-gY295K0Rci_xozVXfdMkSQTLW6cwJThYulHEtVjXrGTiVgS0gM5-1pgwW_G38_FwtvOKEOV2uQKty7kVqXa8Fplpd9eaYifW52eQky_JPxO-aESdzXdCNNEyrsBQd_IK9BfxHb22AOe5tf7bYgsFJvnHnmwt5dOxr4lEl0x_6tTSY3bRgaDqeBwSh2WxH5LYtLpOCVLuRTCmTJuXW7sKMt3x6VqJXeG-J145pVWLDaQqRqRzoAHVrQigS4Z-MvS0k2CeJ535pjGOOjYg..&type=2&query=%E4%B8%81%E5%B8%88%E5%85%84%E5%A4%A7%E6%A8%A1%E5%9E%8B&token=C3F584364E50CDB80E085AE29FFD033E0F8F11346A3AA8B8,https://mp.weixin.qq.com/s?src=11&timestamp=1782229347&ver=6800&signature=EnFkJ7DHiU4i7Y5C6GqqZg4gdJ84YcRmCwIlFj1Vd-VISmeaxM-Vq*TPf7TAMaV1ZWt0Y1mDtoXh71V5EzftGRxFZf6MSG9TswFo*aii*nY0xoRq3uxdVqYH1ZZPjyzQ&new=1,https://mp.weixin.qq.com/s?src=11&timestamp=1782229347&ver=6800&signature=EnFkJ7DHiU4i7Y5C6GqqZg4gdJ84YcRmCwIlFj1Vd-VISmeaxM-Vq*TPf7TAMaV1ZWt0Y1mDtoXh71V5EzftGRxFZf6MSG9TswFo*aii*nY0xoRq3uxdVqYH1ZZPjyzQ&new=1,"markdown/007_2本水硕0论文,拿下大模型算法1SP8SSP.md","raw_html/007_2本水硕0论文,拿下大模型算法1SP8SSP.html",ok,3903
35,Qwen2.5-32B微调实践:4bit+LoRA,丁师兄大模型,1773407647,2026-03-13 21:14:07,"我是丁师兄,专注于智能驾驶大模型,持续分享LLM面试干货.大模型1v1辅导,已帮助多名同学成功上岸offer捷报恭喜学员拿下大模...",https://weixin.sogou.com/link?url=dn9a_-gY295K0Rci_xozVXfdMkSQTLW6cwJThYulHEtVjXrGTiVgS0gM5-1pgwW_fK9V3YoTtokOV2uQKty7kVqXa8Fplpd9eaYifW52eQky_JPxO-aESdzXdCNNEyrsBQd_IK9BfxHb22AOe5tf7YlEnbpqLwv1-2LiLrNaYN3R08MeU2LlngfiFtjgiCi4xGOuoYbp9pH5-E6qJ3Eni2Tl7hQcQGvGtTl9qZGDx81cZYJBh5GTjcgh4MXNk_Gv4CNhgDx6oQ16VKrzu_4XKA..&type=2&query=%E4%B8%81%E5%B8%88%E5%85%84%E5%A4%A7%E6%A8%A1%E5%9E%8B&token=C3F595B24E50CDB80E085AE29FFD033E0F8F11346A3AA8BC,https://mp.weixin.qq.com/s?src=11&timestamp=1782229632&ver=6800&signature=EnFkJ7DHiU4i7Y5C6GqqZg4gdJ84YcRmCwIlFj1Vd-WYNYCnjVoYGw0P*kufsH3rxOzZmrGqCA8pV7dCF-gqNorMkJD5e6appp8uUV0AHsVWGLh6eqfWgCmy2NVPuxBM&new=1,https://mp.weixin.qq.com/s?src=11&timestamp=1782229632&ver=6800&signature=EnFkJ7DHiU4i7Y5C6GqqZg4gdJ84YcRmCwIlFj1Vd-WYNYCnjVoYGw0P*kufsH3rxOzZmrGqCA8pV7dCF-gqNorMkJD5e6appp8uUV0AHsVWGLh6eqfWgCmy2NVPuxBM&new=1,markdown/026_Qwen2.5-32B微调实践4bitLoRA.md,raw_html/026_Qwen2.5-32B微调实践4bitLoRA.html,ok,3865
36,垂直领域Agent落地:自蒸馏与自聚合,丁师兄大模型,1773147856,2026-03-10 21:04:16,"我是丁师兄,专注于智能驾驶大模型,持续分享LLM面试干货.大模型1v1辅导,已帮助多名同学成功上岸offer捷报恭喜学员拿下大模...",https://weixin.sogou.com/link?url=dn9a_-gY295K0Rci_xozVXfdMkSQTLW6cwJThYulHEtVjXrGTiVgS0gM5-1pgwW_Fcg0cKPsUZkOV2uQKty7kVqXa8Fplpd9eaYifW52eQky_JPxO-aESdzXdCNNEyrsBQd_IK9BfxHb22AOe5tf7TkD5db7eS_yX0JTzSfXxWb3SxfA1XSlDryd2VTcVDOx3N-xuqdxfknTVHjzdFzK1-FwvkwKMmT41gFv9lBX6OqukOSVX-Wcu-bQX5BB4Ds0tYHLuv4VEqlFH6In5Ei3zg..&type=2&query=%E4%B8%81%E5%B8%88%E5%85%84%E5%A4%A7%E6%A8%A1%E5%9E%8B&token=C3F598324E50CDB80E085AE29FFD033E0F8F11346A3AA8BC,https://mp.weixin.qq.com/s?src=11&timestamp=1782229660&ver=6800&signature=EnFkJ7DHiU4i7Y5C6GqqZg4gdJ84YcRmCwIlFj1Vd-UyUmFLRBi9DIPH3XEzo2L*DqLIU9SI7VLdh2jmezya0fV8LZ7a-Nqu9j6YxKc1Cs7FxY23LwkfusTzQP6pPFYU&new=1,https://mp.weixin.qq.com/s?src=11&timestamp=1782229660&ver=6800&signature=EnFkJ7DHiU4i7Y5C6GqqZg4gdJ84YcRmCwIlFj1Vd-UyUmFLRBi9DIPH3XEzo2L*DqLIU9SI7VLdh2jmezya0fV8LZ7a-Nqu9j6YxKc1Cs7FxY23LwkfusTzQP6pPFYU&new=1,markdown/038_垂直领域Agent落地自蒸馏与自聚合.md,raw_html/038_垂直领域Agent落地自蒸馏与自聚合.html,ok,2660
37,FlashAttention-4实测:为什么这么快?,丁师兄大模型,1773061448,2026-03-09 21:04:08,"我是丁师兄,专注于智能驾驶大模型,持续分享LLM面试干货.大模型1v1辅导,已帮助多名同学成功上岸offer捷报恭喜学员拿下大模...",https://weixin.sogou.com/link?url=dn9a_-gY295K0Rci_xozVXfdMkSQTLW6cwJThYulHEtVjXrGTiVgS0gM5-1pgwW_fK9V3YoTtokOV2uQKty7kVqXa8Fplpd9eaYifW52eQky_JPxO-aESdzXdCNNEyrsBQd_IK9BfxHb22AOe5tf7Q8Sm2Bej5HzOwtvPwV791YqcALtXCd-pkfzrm4G2dLX447hai__y2HaysqZXo6osQXAiixaq5QqqsXreNGNc-2NtsX-qnWjptIFr9eRCC1KGpk5NhnbhXPy08OLTBhW0A..&type=2&query=%E4%B8%81%E5%B8%88%E5%85%84%E5%A4%A7%E6%A8%A1%E5%9E%8B&token=C3F595B24E50CDB80E085AE29FFD033E0F8F11346A3AA8BC,https://mp.weixin.qq.com/s?src=11&timestamp=1782229637&ver=6800&signature=EnFkJ7DHiU4i7Y5C6GqqZg4gdJ84YcRmCwIlFj1Vd-UUMbx3imyIyeokI9mk7kDnCMiZgVS9MuUlAEdYVBCmpHhmYWJLvMcFGNAd-9VrqWHr5QrsHYp1*KtDZ1hvApmi&new=1,https://mp.weixin.qq.com/s?src=11&timestamp=1782229637&ver=6800&signature=EnFkJ7DHiU4i7Y5C6GqqZg4gdJ84YcRmCwIlFj1Vd-UUMbx3imyIyeokI9mk7kDnCMiZgVS9MuUlAEdYVBCmpHhmYWJLvMcFGNAd-9VrqWHr5QrsHYp1*KtDZ1hvApmi&new=1,markdown/028_FlashAttention-4实测为什么这么快.md,raw_html/028_FlashAttention-4实测为什么这么快.html,ok,4741
38,"RLHF/GRPO/PPO训练老是炸,我人都麻了...",丁师兄大模型,1772975024,2026-03-08 21:03:44,"我是丁师兄,专注于智能驾驶大模型,持续分享LLM面试干货.大模型1v1辅导,已帮助多名同学成功上岸offer捷报恭喜学员拿下大模...",https://weixin.sogou.com/link?url=dn9a_-gY295K0Rci_xozVXfdMkSQTLW6cwJThYulHEtVjXrGTiVgS0gM5-1pgwW_fK9V3YoTtokOV2uQKty7kVqXa8Fplpd9eaYifW52eQky_JPxO-aESdzXdCNNEyrsBQd_IK9BfxHb22AOe5tf7Siu6is0mJP5-F3ct5n3rl67ZiXX96PtJhQniOsMn1wr5x-QP8sObBH_BvKn6UiznHVDLwT2kJrBrr6lThSwqjHBMl4osWQTzc4u-wb6cNydyJSbqGnxIBRr1dbZWbKUeQ..&type=2&query=%E4%B8%81%E5%B8%88%E5%85%84%E5%A4%A7%E6%A8%A1%E5%9E%8B&token=C3F595B24E50CDB80E085AE29FFD033E0F8F11346A3AA8BC,https://mp.weixin.qq.com/s?src=11&timestamp=1782229635&ver=6800&signature=EnFkJ7DHiU4i7Y5C6GqqZg4gdJ84YcRmCwIlFj1Vd-XxdEpnCW53xiz8cq-cSgWtDe0ZbIucJELppHlxdxxwiGU9jYfhPdmPQRh1dFQIUSDcql8pkw4HOXulTzIePl9I&new=1,https://mp.weixin.qq.com/s?src=11&timestamp=1782229635&ver=6800&signature=EnFkJ7DHiU4i7Y5C6GqqZg4gdJ84YcRmCwIlFj1Vd-XxdEpnCW53xiz8cq-cSgWtDe0ZbIucJELppHlxdxxwiGU9jYfhPdmPQRh1dFQIUSDcql8pkw4HOXulTzIePl9I&new=1,"markdown/027_RLHFGRPOPPO训练老是炸,我人都麻了.md","raw_html/027_RLHFGRPOPPO训练老是炸,我人都麻了.html",ok,2467
39,GRPO训练第二弹:多步场景踩坑实录~,丁师兄大模型,1772802249,2026-03-06 21:04:09,"我是丁师兄,专注于智能驾驶大模型,持续分享LLM面试干货.大模型1v1辅导,已帮助多名同学成功上岸offer捷报恭喜学员拿下大模...",https://weixin.sogou.com/link?url=dn9a_-gY295K0Rci_xozVXfdMkSQTLW6cwJThYulHEtVjXrGTiVgS0gM5-1pgwW_xlHASsegprQOV2uQKty7kVqXa8Fplpd9eaYifW52eQky_JPxO-aESdzXdCNNEyrsBQd_IK9BfxHb22AOe5tf7aBWxyQkKLD8hc06pqiLGrDCHf5ZQOkRanK2-oQpo853Naj7KadosScloP_FIDTBTM73UDyi8m3MX_Q154XigGjByRW2zroD8p5JGnMmIH4INDmm7Ztlm1oC2Qmj7RgGwQ..&type=2&query=%E4%B8%81%E5%B8%88%E5%85%84 %E5%A4%A7%E6%A8%A1%E5%9E%8B %E9%9D%A2%E8%AF%95&token=C3F5A8CDB8A6344FF7FEAC1566AA4218F815D7E16A3AA8C1,https://mp.weixin.qq.com/s?src=11&timestamp=1782229944&ver=6800&signature=EnFkJ7DHiU4i7Y5C6GqqZg4gdJ84YcRmCwIlFj1Vd-X6gH58XCiTISBvvnFKTd5Yq2zZ2MvNz8O2Cbpw2KLeOOf243xnWXBbEpasLIeCMDVNcJ9iFJuAShjKc5qoLquK&new=1,https://mp.weixin.qq.com/s?src=11&timestamp=1782229944&ver=6800&signature=EnFkJ7DHiU4i7Y5C6GqqZg4gdJ84YcRmCwIlFj1Vd-X6gH58XCiTISBvvnFKTd5Yq2zZ2MvNz8O2Cbpw2KLeOOf243xnWXBbEpasLIeCMDVNcJ9iFJuAShjKc5qoLquK&new=1,markdown/042_GRPO训练第二弹多步场景踩坑实录~.md,raw_html/042_GRPO训练第二弹多步场景踩坑实录~.html,ok,3720
40,CV转LLM:复盘我的工作经历和体验~,丁师兄大模型,1772630108,2026-03-04 21:15:08,"我是丁师兄,专注于智能驾驶大模型,持续分享LLM面试干货.大模型1v1辅导,已帮助多名同学成功上岸offer捷报恭喜学员拿下大模...",https://weixin.sogou.com/link?url=dn9a_-gY295K0Rci_xozVXfdMkSQTLW6cwJThYulHEtVjXrGTiVgS0gM5-1pgwW_Fcg0cKPsUZkOV2uQKty7kVqXa8Fplpd9eaYifW52eQky_JPxO-aESdzXdCNNEyrsBQd_IK9BfxHb22AOe5tf7cK_u6aNTFN2nDkIZjyH7r7Ks8ctDJFP0H2rdGHtsf5xpj8qqYBn8OmU5lxEnP01FoRuyHSNhtSPmDZl7oLaVps6dqORbaasfv9go6qOBnP8KMrLWiBhf8by08OLTBhW0A..&type=2&query=%E4%B8%81%E5%B8%88%E5%85%84%E5%A4%A7%E6%A8%A1%E5%9E%8B&token=C3F598324E50CDB80E085AE29FFD033E0F8F11346A3AA8BC,https://mp.weixin.qq.com/s?src=11&timestamp=1782229651&ver=6800&signature=EnFkJ7DHiU4i7Y5C6GqqZg4gdJ84YcRmCwIlFj1Vd-XKdKjZSRXih*1wPRqxL8fhCpcm0wLfDtplhgnCHbv5i862F-ypG5irjtkQ-kGAZrIVSeZGdGO3Y0ssok81Frzz&new=1,https://mp.weixin.qq.com/s?src=11&timestamp=1782229651&ver=6800&signature=EnFkJ7DHiU4i7Y5C6GqqZg4gdJ84YcRmCwIlFj1Vd-XKdKjZSRXih*1wPRqxL8fhCpcm0wLfDtplhgnCHbv5i862F-ypG5irjtkQ-kGAZrIVSeZGdGO3Y0ssok81Frzz&new=1,markdown/034_CV转LLM复盘我的工作经历和体验~.md,raw_html/034_CV转LLM复盘我的工作经历和体验~.html,ok,4573
41,Prefix Cache为什么能让推理速度翻倍?,丁师兄大模型,1772544457,2026-03-03 21:27:37,"我是丁师兄,专注于智能驾驶大模型,持续分享LLM面试干货.大模型1v1辅导,已帮助多名同学成功上岸offer捷报恭喜学员拿下大模...",https://weixin.sogou.com/link?url=dn9a_-gY295K0Rci_xozVXfdMkSQTLW6cwJThYulHEtVjXrGTiVgS0gM5-1pgwW_fK9V3YoTtokOV2uQKty7kVqXa8Fplpd9eaYifW52eQky_JPxO-aESdzXdCNNEyrsBQd_IK9BfxHb22AOe5tf7axLa2VG5okyuF0YPPxDeHqOIqu96G7oXZLe6iSgkQIqmxvzGjdlHqBQK0V4Ysu9kbb6vTd_8nNndfuOXSAb1yAkRnkcCMXqgWmWdvCSBksDWzzRiptKXh7P28temKTOwg..&type=2&query=%E4%B8%81%E5%B8%88%E5%85%84%E5%A4%A7%E6%A8%A1%E5%9E%8B&token=C3F595B24E50CDB80E085AE29FFD033E0F8F11346A3AA8BC,https://mp.weixin.qq.com/s?src=11&timestamp=1782229642&ver=6800&signature=EnFkJ7DHiU4i7Y5C6GqqZg4gdJ84YcRmCwIlFj1Vd-UpOoGa25rZEAyrjbHj9Gwjoa-lokh-URqFak*EX0BswiMWeeKQsS9wAEqJKpNAFlrzJN4Jc1w2vFnz8sV-hjVS&new=1,https://mp.weixin.qq.com/s?src=11&timestamp=1782229642&ver=6800&signature=EnFkJ7DHiU4i7Y5C6GqqZg4gdJ84YcRmCwIlFj1Vd-UpOoGa25rZEAyrjbHj9Gwjoa-lokh-URqFak*EX0BswiMWeeKQsS9wAEqJKpNAFlrzJN4Jc1w2vFnz8sV-hjVS&new=1,markdown/030_Prefix_Cache为什么能让推理速度翻倍.md,raw_html/030_Prefix_Cache为什么能让推理速度翻倍.html,ok,7924
42,RL训练翻车:聊聊Reward Hacking...,丁师兄大模型,1772457704,2026-03-02 21:21:44,"我是丁师兄,专注于智能驾驶大模型,持续分享LLM面试干货.大模型1v1辅导,已帮助多名同学成功上岸offer捷报恭喜学员拿下大模...",https://weixin.sogou.com/link?url=dn9a_-gY295K0Rci_xozVXfdMkSQTLW6cwJThYulHEtVjXrGTiVgS0gM5-1pgwW_G38_FwtvOKEOV2uQKty7kVqXa8Fplpd9eaYifW52eQky_JPxO-aESdzXdCNNEyrsBQd_IK9BfxHb22AOe5tf7eSJHibM1vCxPJJez7PojqUqTX9iy9JsB7DtWEtn090ai28cvOM4t4jWvNmGyaDwBpsXrEJ6VTVEh0imfydqpzT61x0u67PGqltMFB5jI70QT53J4aPSuhUGX_iHL9MadA..&type=2&query=%E4%B8%81%E5%B8%88%E5%85%84%E5%A4%A7%E6%A8%A1%E5%9E%8B&token=C3F5872D4E50CDB80E085AE29FFD033E0F8F11346A3AA8B8,https://mp.weixin.qq.com/s?src=11&timestamp=1782229437&ver=6800&signature=EnFkJ7DHiU4i7Y5C6GqqZg4gdJ84YcRmCwIlFj1Vd-W7BI7zSZ74E9bBzOuH*N8aN0ZUzbDUx0eYbNbKUDcXKiVwVMJSFo5p5mxh4S-1Z3mo11jmdH-vYrXFXQiuBUdv&new=1,https://mp.weixin.qq.com/s?src=11&timestamp=1782229437&ver=6800&signature=EnFkJ7DHiU4i7Y5C6GqqZg4gdJ84YcRmCwIlFj1Vd-W7BI7zSZ74E9bBzOuH*N8aN0ZUzbDUx0eYbNbKUDcXKiVwVMJSFo5p5mxh4S-1Z3mo11jmdH-vYrXFXQiuBUdv&new=1,markdown/013_RL训练翻车聊聊Reward_Hacking.md,raw_html/013_RL训练翻车聊聊Reward_Hacking.html,ok,1460
43,总结Agentic训练的最近几篇工作,丁师兄大模型,1772370248,2026-03-01 21:04:08,"我是丁师兄,专注于智能驾驶大模型,持续分享LLM面试干货.大模型1v1辅导,已帮助多名同学成功上岸offer捷报恭喜学员拿下大模...",https://weixin.sogou.com/link?url=dn9a_-gY295K0Rci_xozVXfdMkSQTLW6cwJThYulHEtVjXrGTiVgS0gM5-1pgwW__s8tYjys6JsOV2uQKty7kVqXa8Fplpd9eaYifW52eQky_JPxO-aESdzXdCNNEyrsBQd_IK9BfxHb22AOe5tf7c32B2ckTB9pXp72qqT2A4wdgABKwQ-rR-T4uV6a842XtrQA9m2ZsBpehvZ9aKDN6b8YRkvwSFzZTwb2JD-HrbOfWjQ5__5vuGja5Y2uMne4rF3CXBgMEhdOJBjQH7pCxQ..&type=2&query=%E4%B8%81%E5%B8%88%E5%85%84 %E5%A4%A7%E6%A8%A1%E5%9E%8B %E9%9D%A2%E8%AF%95&token=C3F5A5E2B8A6344FF7FEAC1566AA4218F815D7E16A3AA8C0,https://mp.weixin.qq.com/s?src=11&timestamp=1782230018&ver=6800&signature=EnFkJ7DHiU4i7Y5C6GqqZg4gdJ84YcRmCwIlFj1Vd-V1q1FWVCeGXI90oEWZ0yTOs1KDCOJl7Qr-*ZqXxKwJF5-kCovlgezxvi49Sqw3R3luW0rGQb2Lz8iwVqkU1Up9&new=1,https://mp.weixin.qq.com/s?src=11&timestamp=1782230018&ver=6800&signature=EnFkJ7DHiU4i7Y5C6GqqZg4gdJ84YcRmCwIlFj1Vd-V1q1FWVCeGXI90oEWZ0yTOs1KDCOJl7Qr-*ZqXxKwJF5-kCovlgezxvi49Sqw3R3luW0rGQb2Lz8iwVqkU1Up9&new=1,markdown/041_总结Agentic训练的最近几篇工作.md,raw_html/041_总结Agentic训练的最近几篇工作.html,ok,4295
44,"PPO,GRPO,GSPO,DAPO再次思考",丁师兄大模型,1772283856,2026-02-28 21:04:16,"我是丁师兄,专注于智能驾驶大模型,持续分享LLM面试干货.大模型1v1辅导,已帮助多名同学成功上岸offer捷报恭喜学员拿下大模...",https://weixin.sogou.com/link?url=dn9a_-gY295K0Rci_xozVXfdMkSQTLW6cwJThYulHEtVjXrGTiVgS0gM5-1pgwW_Fcg0cKPsUZkOV2uQKty7kVqXa8Fplpd9eaYifW52eQky_JPxO-aESdzXdCNNEyrsBQd_IK9BfxHb22AOe5tf7c72L1aT-8bzmtYnx9vSQYTNvtzYuazgdn6-Y7ahUB51qNv9qA8--5XvsHvJYqx_0jtq0XNBHoQMji_VAhgWSKrPtrNCkHjLd48mt_TA9QxBN6tsXQpT6MzFcvUoAZZH7Q..&type=2&query=%E4%B8%81%E5%B8%88%E5%85%84%E5%A4%A7%E6%A8%A1%E5%9E%8B&token=C3F598324E50CDB80E085AE29FFD033E0F8F11346A3AA8BC,https://mp.weixin.qq.com/s?src=11&timestamp=1782229654&ver=6800&signature=EnFkJ7DHiU4i7Y5C6GqqZg4gdJ84YcRmCwIlFj1Vd-UcgLCAAf2sPXOzypDnH*cehbvViBmbGthZpnfx1OA8GJduK9*SLfRTHgWPANZnh9A9kKRiLkFA3Obs4noA0o-G&new=1,https://mp.weixin.qq.com/s?src=11&timestamp=1782229654&ver=6800&signature=EnFkJ7DHiU4i7Y5C6GqqZg4gdJ84YcRmCwIlFj1Vd-UcgLCAAf2sPXOzypDnH*cehbvViBmbGthZpnfx1OA8GJduK9*SLfRTHgWPANZnh9A9kKRiLkFA3Obs4noA0o-G&new=1,"markdown/035_PPO,GRPO,GSPO,DAPO再次思考.md","raw_html/035_PPO,GRPO,GSPO,DAPO再次思考.html",ok,1356
45,26 年还能入行 AI Infra 吗?,丁师兄大模型,1772197448,2026-02-27 21:04:08,"我是丁师兄,专注于智能驾驶大模型,持续分享LLM面试干货.大模型1v1辅导,已帮助多名同学成功上岸offer捷报恭喜学员拿下大模...",https://weixin.sogou.com/link?url=dn9a_-gY295K0Rci_xozVXfdMkSQTLW6cwJThYulHEtVjXrGTiVgS0gM5-1pgwW_G38_FwtvOKEOV2uQKty7kVqXa8Fplpd9eaYifW52eQky_JPxO-aESdzXdCNNEyrsBQd_IK9BfxHb22AOe5tf7cfX32ugZ3ItNCoS1wWZQlrKs0t3W1RYOovzITtalx9woeJT6-5mPg9km0SfjsVpiOSIIfFkVl_KN_AsSuynCrTmbN-RABD3K64NplOpAt4nbK6Hjbw7LcS54z_tGSZTqA..&type=2&query=%E4%B8%81%E5%B8%88%E5%85%84%E5%A4%A7%E6%A8%A1%E5%9E%8B&token=C3F5872D4E50CDB80E085AE29FFD033E0F8F11346A3AA8B8,https://mp.weixin.qq.com/s?src=11&timestamp=1782229422&ver=6800&signature=EnFkJ7DHiU4i7Y5C6GqqZg4gdJ84YcRmCwIlFj1Vd-UBmyDYT0i2udzCoIHhJjv6UGEsTDLlgxJMnaCbpxrnkLeVULhaB-v-v8YhS*GUSu4AZ-2Dar3zAyr6HyojVa5K&new=1,https://mp.weixin.qq.com/s?src=11&timestamp=1782229422&ver=6800&signature=EnFkJ7DHiU4i7Y5C6GqqZg4gdJ84YcRmCwIlFj1Vd-UBmyDYT0i2udzCoIHhJjv6UGEsTDLlgxJMnaCbpxrnkLeVULhaB-v-v8YhS*GUSu4AZ-2Dar3zAyr6HyojVa5K&new=1,markdown/012_26_年还能入行_AI_Infra_吗.md,raw_html/012_26_年还能入行_AI_Infra_吗.html,ok,2079
46,对26年LLM发展的一些思考与展望,丁师兄大模型,1772111085,2026-02-26 21:04:45,"我是丁师兄,专注于智能驾驶大模型,持续分享LLM面试干货.大模型1v1辅导,已帮助多名同学成功上岸offer捷报恭喜学员拿下大模...",https://weixin.sogou.com/link?url=dn9a_-gY295K0Rci_xozVXfdMkSQTLW6cwJThYulHEtVjXrGTiVgS0gM5-1pgwW_fK9V3YoTtokOV2uQKty7kVqXa8Fplpd9eaYifW52eQky_JPxO-aESdzXdCNNEyrsBQd_IK9BfxHb22AOe5tf7XpXRBUExvW6Ctz5o5Umq0VJcOvwAGFRfFXiRlyh9zSkuEZkdHSPUtocuaqmV-W4I6ha5RyjjBvBjCPJA3ytMCEXo5wpdgYvwr3WLDpSkQs6d82f1lSDKSbf3q8uRDTfkw..&type=2&query=%E4%B8%81%E5%B8%88%E5%85%84%E5%A4%A7%E6%A8%A1%E5%9E%8B&token=C3F595B24E50CDB80E085AE29FFD033E0F8F11346A3AA8BC,https://mp.weixin.qq.com/s?src=11&timestamp=1782229640&ver=6800&signature=EnFkJ7DHiU4i7Y5C6GqqZg4gdJ84YcRmCwIlFj1Vd-W*zF8hG97k3TtdIRp3AUnpYvuox4GbdotI6EzQ23yocro3aVleqGd3OgRSS6laeHEGv4eh9IEyFaamTxranRX5&new=1,https://mp.weixin.qq.com/s?src=11&timestamp=1782229640&ver=6800&signature=EnFkJ7DHiU4i7Y5C6GqqZg4gdJ84YcRmCwIlFj1Vd-W*zF8hG97k3TtdIRp3AUnpYvuox4GbdotI6EzQ23yocro3aVleqGd3OgRSS6laeHEGv4eh9IEyFaamTxranRX5&new=1,markdown/029_对26年LLM发展的一些思考与展望.md,raw_html/029_对26年LLM发展的一些思考与展望.html,ok,1992
47,从各家技术文章看26年Agentic RL Infra优化方向,丁师兄大模型,1771851955,2026-02-23 21:05:55,"我是丁师兄,专注于智能驾驶大模型,持续分享LLM面试干货.大模型1v1辅导,已帮助多名同学成功上岸offer捷报恭喜学员拿下大模...",https://weixin.sogou.com/link?url=dn9a_-gY295K0Rci_xozVXfdMkSQTLW6cwJThYulHEtVjXrGTiVgS0gM5-1pgwW_xlHASsegprQOV2uQKty7kVqXa8Fplpd9eaYifW52eQky_JPxO-aESdzXdCNNEyrsBQd_IK9BfxHb22AOe5tf7XQvgsIHqLRFTtWfdpH65js_lGRM6S0RQtFv9NC3F5lgLjBFAIMlGuXSwD_NCoBkizS0VjfioNcWl3vHa214mbHsFu4wMBhjs_6iNTWC8xVtykoiczsokEnYl_Q5RRZQjg..&type=2&query=%E4%B8%81%E5%B8%88%E5%85%84 %E5%A4%A7%E6%A8%A1%E5%9E%8B %E9%9D%A2%E8%AF%95&token=C3F5ABB2B8A6344FF7FEAC1566AA4218F815D7E16A3AA8C1,https://mp.weixin.qq.com/s?src=11&timestamp=1782229984&ver=6800&signature=EnFkJ7DHiU4i7Y5C6GqqZg4gdJ84YcRmCwIlFj1Vd-W2rFOLVlfJdIkrnZE4vpdmJAF194ef4qpyx2a*pg5lG2UJ8wl6gBMru5GT6XmL40BzU9xrheEsIsjzGlyVETXl&new=1,https://mp.weixin.qq.com/s?src=11&timestamp=1782229984&ver=6800&signature=EnFkJ7DHiU4i7Y5C6GqqZg4gdJ84YcRmCwIlFj1Vd-W2rFOLVlfJdIkrnZE4vpdmJAF194ef4qpyx2a*pg5lG2UJ8wl6gBMru5GT6XmL40BzU9xrheEsIsjzGlyVETXl&new=1,markdown/046_从各家技术文章看26年Agentic_RL_Infra优化方向.md,raw_html/046_从各家技术文章看26年Agentic_RL_Infra优化方向.html,ok,7082
